[{"pk": 1, "model": "umatik.module", "fields": {"name": "Sponsorlar", "title": "Sponsorlar", "timestamp": "2013-01-14T12:48:39.354", "visible": true, "active": true, "codename": "Spn.list", "order": 1}}, {"pk": 2, "model": "umatik.module", "fields": {"name": "Ma\u011fazalar", "title": "Ma\u011fazalar", "timestamp": "2013-01-14T12:57:40.628", "visible": true, "active": true, "codename": "places", "order": 1}}, {"pk": 3, "model": "umatik.module", "fields": {"name": "S\u00fcper Sipari\u015f", "title": "S\u00fcper Sipari\u015f", "timestamp": "2013-01-15T10:49:02.608", "visible": true, "active": true, "codename": "supersiparis", "order": 1}}, {"pk": 4, "model": "umatik.module", "fields": {"name": "\u00dcr\u00fcnler", "title": "\u00dcr\u00fcnler", "timestamp": "2013-01-15T10:49:34.156", "visible": true, "active": true, "codename": "urunler", "order": 1}}, {"pk": 5, "model": "umatik.module", "fields": {"name": "Geli\u015fmi\u015f Yerle\u015fim Plan\u0131", "title": "Yerle\u015fim Plan\u0131", "timestamp": "2013-01-15T10:50:25.113", "visible": true, "active": true, "codename": "navigation", "order": 1}}, {"pk": 6, "model": "umatik.module", "fields": {"name": "Etkinlikler", "title": "Etkinlikler", "timestamp": "2013-01-15T10:55:00.251", "visible": true, "active": true, "codename": "events", "order": 1}}, {"pk": 7, "model": "umatik.module", "fields": {"name": "Favoriler", "title": "Favoriler", "timestamp": "2013-01-15T11:03:55.287", "visible": true, "active": true, "codename": "favorites", "order": 1}}, {"pk": 8, "model": "umatik.module", "fields": {"name": "Geli\u015fmi\u015f Geri Bildirim", "title": "Geri Bildirim", "timestamp": "2013-01-15T11:04:19.077", "visible": true, "active": true, "codename": "feedback", "order": 1}}, {"pk": 9, "model": "umatik.module", "fields": {"name": "Park Asistan\u0131", "title": "Park Asistan\u0131", "timestamp": "2013-01-15T11:05:51.564", "visible": true, "active": true, "codename": "parkasist", "order": 1}}, {"pk": 10, "model": "umatik.module", "fields": {"name": "Bilgi Merkezi", "title": "Bilgi Merkezi", "timestamp": "2013-01-15T11:11:52.402", "visible": true, "active": true, "codename": "Page.list", "order": 1}}, {"pk": 11, "model": "umatik.module", "fields": {"name": "Galeri", "title": "Galeri", "timestamp": "2013-01-15T11:13:14.828", "visible": true, "active": true, "codename": "gallery", "order": 1}}, {"pk": 12, "model": "umatik.module", "fields": {"name": "Kat\u0131l\u0131mc\u0131lar", "title": "Kat\u0131l\u0131mc\u0131lar", "timestamp": "2013-01-15T11:13:50.261", "visible": true, "active": true, "codename": "Ex.list", "order": 1}}, {"pk": 13, "model": "umatik.module", "fields": {"name": "Kampanyalar", "title": "Kampanyalar", "timestamp": "2013-01-15T11:14:11.869", "visible": true, "active": true, "codename": "campaigns", "order": 1}}, {"pk": 14, "model": "umatik.module", "fields": {"name": "Haberler", "title": "Haberler", "timestamp": "2013-01-15T11:14:34.688", "visible": true, "active": true, "codename": "Nws.list", "order": 1}}, {"pk": 15, "model": "umatik.module", "fields": {"name": "Delegeler", "title": "Delegeler", "timestamp": "2013-01-15T11:19:57.148", "visible": true, "active": true, "codename": "Dlg.list", "order": 1}}, {"pk": 16, "model": "umatik.module", "fields": {"name": "Konu\u015fmac\u0131lar", "title": "Konu\u015fmac\u0131lar", "timestamp": "2013-01-16T00:30:56.904", "visible": true, "active": true, "codename": "speakers", "order": 1}}, {"pk": 17, "model": "umatik.module", "fields": {"name": "Favori Etkinlikler", "title": "-", "timestamp": "2013-01-21T10:44:37.418", "visible": false, "active": true, "codename": "event_favorites", "order": 1}}, {"pk": 18, "model": "umatik.module", "fields": {"name": "Favori Dosyalar", "title": "-", "timestamp": "2013-01-21T10:45:49.996", "visible": false, "active": true, "codename": "files_favorites", "order": 1}}, {"pk": 19, "model": "umatik.module", "fields": {"name": "Kat\u0131l\u0131mc\u0131 Belgeleri", "title": "-", "timestamp": "2013-01-22T11:18:09.527", "visible": false, "active": true, "codename": "exhibitor_files", "order": 1}}, {"pk": 20, "model": "umatik.module", "fields": {"name": "Geri Bildirim", "title": "Geri Bildirim", "timestamp": "2013-01-25T00:19:37.375", "visible": true, "active": true, "codename": "feedback_simple", "order": 1}}, {"pk": 21, "model": "umatik.module", "fields": {"name": "Yerle\u015fim Plan\u0131", "title": "Yerle\u015fim Plan\u0131", "timestamp": "2013-01-28T02:47:56.170", "visible": true, "active": true, "codename": "Map.list", "order": 1}}, {"pk": 1, "model": "umatik.moduleselection", "fields": {"title": "Ma\u011fazalar", "timestamp": "2013-01-14T12:59:33.423", "app": 3, "module": 2, "customicon": "", "active": true, "order": 1, "icon": 2}}, {"pk": 2, "model": "umatik.moduleselection", "fields": {"title": "Sponsorlar", "timestamp": "2013-01-14T13:56:15.861", "app": 4, "module": 1, "customicon": "", "active": true, "order": 1, "icon": 1}}, {"pk": 3, "model": "umatik.moduleselection", "fields": {"title": "Yer G\u00f6sterici", "timestamp": "2013-01-16T00:25:51.596", "app": 4, "module": 5, "customicon": "", "active": true, "order": 1, "icon": 5}}, {"pk": 4, "model": "umatik.moduleselection", "fields": {"title": "Etkinlikler", "timestamp": "2013-01-16T00:25:51.675", "app": 4, "module": 6, "customicon": "", "active": true, "order": 1, "icon": 6}}, {"pk": 5, "model": "umatik.moduleselection", "fields": {"title": "Favoriler", "timestamp": "2013-01-16T00:25:51.682", "app": 4, "module": 7, "customicon": "", "active": true, "order": 1, "icon": 7}}, {"pk": 7, "model": "umatik.moduleselection", "fields": {"title": "Park Asistan\u0131", "timestamp": "2013-01-16T00:25:51.694", "app": 4, "module": 9, "customicon": "", "active": true, "order": 1, "icon": 9}}, {"pk": 8, "model": "umatik.moduleselection", "fields": {"title": "Bilgi Merkezi", "timestamp": "2013-01-16T00:25:51.699", "app": 4, "module": 10, "customicon": "", "active": true, "order": 1, "icon": 10}}, {"pk": 9, "model": "umatik.moduleselection", "fields": {"title": "Galeri", "timestamp": "2013-01-16T00:25:51.728", "app": 4, "module": 11, "customicon": "", "active": true, "order": 1, "icon": 11}}, {"pk": 10, "model": "umatik.moduleselection", "fields": {"title": "Kat\u0131l\u0131mc\u0131lar", "timestamp": "2013-01-16T00:25:51.734", "app": 4, "module": 12, "customicon": "", "active": true, "order": 0, "icon": 12}}, {"pk": 11, "model": "umatik.moduleselection", "fields": {"title": "Haberler", "timestamp": "2013-01-16T00:25:51.739", "app": 4, "module": 14, "customicon": "", "active": true, "order": 1, "icon": 14}}, {"pk": 12, "model": "umatik.moduleselection", "fields": {"title": "Delegeler", "timestamp": "2013-01-16T00:31:15.051", "app": 4, "module": 15, "customicon": "", "active": true, "order": 1, "icon": 15}}, {"pk": 14, "model": "umatik.moduleselection", "fields": {"title": "Konu\u015fmac\u0131lar", "timestamp": "2013-01-16T00:59:19.687", "app": 4, "module": 16, "customicon": "", "active": true, "order": 1, "icon": 16}}, {"pk": 15, "model": "umatik.moduleselection", "fields": {"title": "Ma\u011fazalar", "timestamp": "2013-01-22T17:15:13.285", "app": 5, "module": 2, "customicon": "", "active": true, "order": 1, "icon": 2}}, {"pk": 16, "model": "umatik.moduleselection", "fields": {"title": "S\u00fcper Sipari\u015f", "timestamp": "2013-01-22T17:15:13.329", "app": 5, "module": 3, "customicon": "", "active": true, "order": 1, "icon": 3}}, {"pk": 17, "model": "umatik.moduleselection", "fields": {"title": "\u00dcr\u00fcnler", "timestamp": "2013-01-22T17:15:13.339", "app": 5, "module": 4, "customicon": "", "active": true, "order": 1, "icon": 4}}, {"pk": 18, "model": "umatik.moduleselection", "fields": {"title": "Yerle\u015fim Plan\u0131", "timestamp": "2013-01-22T17:15:13.348", "app": 5, "module": 5, "customicon": "", "active": true, "order": 1, "icon": 5}}, {"pk": 19, "model": "umatik.moduleselection", "fields": {"title": "Etkinlikler", "timestamp": "2013-01-22T17:15:13.356", "app": 5, "module": 6, "customicon": "", "active": true, "order": 1, "icon": 6}}, {"pk": 20, "model": "umatik.moduleselection", "fields": {"title": "Geri Bildirim", "timestamp": "2013-01-22T17:15:13.364", "app": 5, "module": 8, "customicon": "", "active": true, "order": 1, "icon": 8}}, {"pk": 21, "model": "umatik.moduleselection", "fields": {"title": "Park Asistan\u0131", "timestamp": "2013-01-22T17:15:13.372", "app": 5, "module": 9, "customicon": "", "active": true, "order": 1, "icon": 9}}, {"pk": 22, "model": "umatik.moduleselection", "fields": {"title": "Bilgi Merkezi", "timestamp": "2013-01-22T17:15:13.382", "app": 5, "module": 10, "customicon": "", "active": true, "order": 1, "icon": 10}}, {"pk": 23, "model": "umatik.moduleselection", "fields": {"title": "Galeri", "timestamp": "2013-01-22T17:15:13.389", "app": 5, "module": 11, "customicon": "", "active": true, "order": 1, "icon": 11}}, {"pk": 24, "model": "umatik.moduleselection", "fields": {"title": "Kampanyalar", "timestamp": "2013-01-22T17:15:13.397", "app": 5, "module": 13, "customicon": "", "active": true, "order": 1, "icon": 13}}, {"pk": 25, "model": "umatik.moduleselection", "fields": {"title": "Haberler", "timestamp": "2013-01-22T17:15:13.404", "app": 5, "module": 14, "customicon": "", "active": true, "order": 1, "icon": 14}}, {"pk": 26, "model": "umatik.moduleselection", "fields": {"title": "Favoriler", "timestamp": "2013-01-22T17:15:13.413", "app": 5, "module": 7, "customicon": "", "active": true, "order": 1, "icon": 7}}, {"pk": 29, "model": "umatik.moduleselection", "fields": {"title": "Geri Bildirim", "timestamp": "2013-01-25T00:29:59.600", "app": 4, "module": 20, "customicon": "", "active": true, "order": 1, "icon": 17}}, {"pk": 40, "model": "umatik.moduleselection", "fields": {"title": "S\u00fcper Sipari\u015f", "timestamp": "2013-01-28T03:06:20.485", "app": 3, "module": 3, "customicon": "", "active": true, "order": 1, "icon": 3}}, {"pk": 41, "model": "umatik.moduleselection", "fields": {"title": "\u00dcr\u00fcnler", "timestamp": "2013-01-28T03:06:20.493", "app": 3, "module": 4, "customicon": "", "active": true, "order": 1, "icon": 4}}, {"pk": 42, "model": "umatik.moduleselection", "fields": {"title": "Etkinlikler", "timestamp": "2013-01-28T03:06:20.501", "app": 3, "module": 6, "customicon": "", "active": true, "order": 1, "icon": 6}}, {"pk": 43, "model": "umatik.moduleselection", "fields": {"title": "Park Asistan\u0131", "timestamp": "2013-01-28T03:06:20.508", "app": 3, "module": 9, "customicon": "", "active": true, "order": 1, "icon": 9}}, {"pk": 44, "model": "umatik.moduleselection", "fields": {"title": "Kampanyalar", "timestamp": "2013-01-28T03:06:20.515", "app": 3, "module": 13, "customicon": "", "active": true, "order": 1, "icon": 13}}, {"pk": 45, "model": "umatik.moduleselection", "fields": {"title": "Favoriler", "timestamp": "2013-01-28T03:06:20.522", "app": 3, "module": 7, "customicon": "", "active": true, "order": 1, "icon": 7}}, {"pk": 46, "model": "umatik.moduleselection", "fields": {"title": "Geri Bildirim", "timestamp": "2013-01-28T03:06:20.531", "app": 3, "module": 8, "customicon": "", "active": true, "order": 1, "icon": 8}}, {"pk": 47, "model": "umatik.moduleselection", "fields": {"title": "Haberler", "timestamp": "2013-01-28T03:06:20.538", "app": 3, "module": 14, "customicon": "", "active": true, "order": 1, "icon": 14}}, {"pk": 48, "model": "umatik.moduleselection", "fields": {"title": "Bilgi Merkezi", "timestamp": "2013-01-28T03:06:20.546", "app": 3, "module": 10, "customicon": "", "active": true, "order": 1, "icon": 10}}, {"pk": 49, "model": "umatik.moduleselection", "fields": {"title": "Galeri", "timestamp": "2013-01-28T03:06:20.554", "app": 3, "module": 11, "customicon": "", "active": true, "order": 1, "icon": 11}}, {"pk": 50, "model": "umatik.moduleselection", "fields": {"title": "Yerle\u015fim Plan\u0131", "timestamp": "2013-01-28T03:06:20.564", "app": 3, "module": 21, "customicon": "", "active": true, "order": 1, "icon": 18}}, {"pk": 51, "model": "umatik.moduleselection", "fields": {"title": "Yerle\u015fim Plan\u0131", "timestamp": "2013-01-28T03:22:35.183", "app": 4, "module": 21, "customicon": "", "active": true, "order": 1, "icon": 18}}, {"pk": 1, "model": "umatik.apptype", "fields": {"timestamp": "2013-01-14T12:57:54.954", "codename": "mobilaktif", "modules": [6, 9, 16, 7, 17, 18, 19, 12, 15, 1, 20, 14, 10, 11, 5, 21], "name": "MobilAktif"}}, {"pk": 2, "model": "umatik.apptype", "fields": {"timestamp": "2013-01-14T12:58:18.881", "codename": "mobilavm", "modules": [2, 3, 4, 6, 9, 13, 7, 8, 14, 10, 11, 21], "name": "MobilAVM"}}, {"pk": 3, "model": "umatik.apptype", "fields": {"timestamp": "2013-01-22T17:14:58.523", "codename": "asdasdsa", "modules": [3, 4, 6, 9, 1, 8, 5], "name": "asdasdsa"}}, {"pk": 1, "model": "umatik.theme", "fields": {"name": "Siyah Simgeler", "timestamp": "2013-01-14T12:48:05.538", "active": true, "codename": "", "preview": "", "order": 1, "css": ""}}, {"pk": 2, "model": "umatik.theme", "fields": {"name": "Beyaz Simgeler", "timestamp": "2013-01-14T12:48:13.145", "active": true, "codename": "", "preview": "", "order": 1, "css": "ul.mainmenu li a {\r\ncolor: #fff;\r\n}"}}, {"pk": 1, "model": "umatik.icon", "fields": {"image": "uploads/sponsorlar.png", "primary": true, "module": 1, "active": true, "theme": 2, "keywords": "", "hdimage": ""}}, {"pk": 2, "model": "umatik.icon", "fields": {"image": "uploads/magazalar_1.png", "primary": true, "module": 2, "active": true, "theme": 2, "keywords": "", "hdimage": ""}}, {"pk": 3, "model": "umatik.icon", "fields": {"image": "uploads/yemek_soyle.png", "primary": true, "module": 3, "active": true, "theme": 2, "keywords": "", "hdimage": ""}}, {"pk": 4, "model": "umatik.icon", "fields": {"image": "uploads/urunler.png", "primary": true, "module": 4, "active": true, "theme": 2, "keywords": "", "hdimage": ""}}, {"pk": 5, "model": "umatik.icon", "fields": {"image": "uploads/navigasyon.png", "primary": true, "module": 5, "active": true, "theme": 2, "keywords": "", "hdimage": ""}}, {"pk": 6, "model": "umatik.icon", "fields": {"image": "uploads/etkinlik_takvimi.png", "primary": true, "module": 6, "active": true, "theme": 2, "keywords": "", "hdimage": ""}}, {"pk": 7, "model": "umatik.icon", "fields": {"image": "uploads/favoriler.png", "primary": true, "module": 7, "active": true, "theme": 2, "keywords": "", "hdimage": ""}}, {"pk": 8, "model": "umatik.icon", "fields": {"image": "uploads/geribildirim_2.png", "primary": true, "module": 8, "active": true, "theme": 2, "keywords": "", "hdimage": ""}}, {"pk": 9, "model": "umatik.icon", "fields": {"image": "uploads/arabam_nerede_1.png", "primary": true, "module": 9, "active": true, "theme": 2, "keywords": "", "hdimage": ""}}, {"pk": 10, "model": "umatik.icon", "fields": {"image": "uploads/bilgi_merkezi.png", "primary": true, "module": 10, "active": true, "theme": 2, "keywords": "", "hdimage": ""}}, {"pk": 11, "model": "umatik.icon", "fields": {"image": "uploads/galeri.png", "primary": true, "module": 11, "active": true, "theme": 2, "keywords": "", "hdimage": ""}}, {"pk": 12, "model": "umatik.icon", "fields": {"image": "uploads/katlmclar_2.png", "primary": true, "module": 12, "active": true, "theme": 2, "keywords": "", "hdimage": ""}}, {"pk": 13, "model": "umatik.icon", "fields": {"image": "uploads/kampanyalar.png", "primary": true, "module": 13, "active": true, "theme": 2, "keywords": "", "hdimage": ""}}, {"pk": 14, "model": "umatik.icon", "fields": {"image": "uploads/haberler.png", "primary": true, "module": 14, "active": true, "theme": 2, "keywords": "", "hdimage": ""}}, {"pk": 15, "model": "umatik.icon", "fields": {"image": "uploads/delegeler.png", "primary": true, "module": 15, "active": true, "theme": 2, "keywords": "", "hdimage": ""}}, {"pk": 16, "model": "umatik.icon", "fields": {"image": "uploads/konusmaci.png", "primary": true, "module": 16, "active": true, "theme": 2, "keywords": "", "hdimage": ""}}, {"pk": 17, "model": "umatik.icon", "fields": {"image": "uploads/geribildirim_3.png", "primary": true, "module": 20, "active": true, "theme": 2, "keywords": "", "hdimage": ""}}, {"pk": 18, "model": "umatik.icon", "fields": {"image": "uploads/navigasyon_1.png", "primary": true, "module": 21, "active": true, "theme": 2, "keywords": "", "hdimage": ""}}, {"pk": 3, "model": "umatik.application", "fields": {"name_short": "AVM", "street": null, "background_color": "", "city": null, "background_image": "", "lon": 0.0, "logo_small": "", "theme": 1, "type": 2, "fax": null, "timestamp": "2013-01-14T12:59:33.412", "company": "AVM", "phone": null, "avail_langs": "tr,", "address": null, "lat": 0.0, "icon": "", "lang": "tr", "country": null, "header_type": "icon", "logo_big": "", "header_image": "", "name_long": "AVM"}}, {"pk": 4, "model": "umatik.application", "fields": {"name_short": "Tuyap Kitap Fuari", "street": null, "background_color": "", "city": null, "background_image": "uploads/mobil_avm_bg_2.jpg", "lon": 0.0, "logo_small": "uploads/mobil_aktif_logo_1.png", "theme": 2, "type": 1, "fax": null, "timestamp": "2013-01-14T13:56:15.849", "company": "asd", "phone": null, "avail_langs": "tr,", "address": null, "lat": 0.0, "icon": "uploads/mobil_aktif_logo.png", "lang": "tr", "country": null, "header_type": "icon", "logo_big": "", "header_image": "", "name_long": "asd"}}, {"pk": 5, "model": "umatik.application", "fields": {"name_short": "Optimum", "street": null, "background_color": null, "city": null, "background_image": "", "lon": 0.0, "logo_small": "", "theme": 1, "type": 2, "fax": null, "timestamp": "2013-01-22T17:15:13.186", "company": null, "phone": null, "avail_langs": "tr,", "address": null, "lat": 0.0, "icon": "", "lang": "tr", "country": null, "header_type": "icon", "logo_big": "", "header_image": "", "name_long": null}}, {"pk": 23, "model": "umatik.node", "fields": {"map": 1, "name": "Elipsis Yazm Elektronik Ltd", "app": 4, "y": 352, "x": 264, "type": 10}}, {"pk": 24, "model": "umatik.node", "fields": {"map": 1, "name": "Katilimci Firma 3", "app": 4, "y": 647, "x": 248, "type": 10}}, {"pk": 25, "model": "umatik.node", "fields": {"map": 1, "name": "Katilimci Firma 6", "app": 4, "y": 514, "x": 429, "type": 10}}, {"pk": 26, "model": "umatik.node", "fields": {"map": 1, "name": "Kat2", "app": 4, "y": 447, "x": 681, "type": 10}}, {"pk": 27, "model": "umatik.node", "fields": {"map": 1, "name": "Katilimci Firma 7", "app": 4, "y": 550, "x": 670, "type": 10}}, {"pk": 28, "model": "umatik.node", "fields": {"map": 1, "name": "Katilimci Firma 4", "app": 4, "y": 468, "x": 891, "type": 10}}, {"pk": 29, "model": "umatik.node", "fields": {"map": 2, "name": "A01", "app": 4, "y": 139, "x": 717, "type": 60}}, {"pk": 30, "model": "umatik.node", "fields": {"map": 2, "name": "Baykal Konferans Salonu", "app": 4, "y": 268, "x": 1110, "type": 12}}, {"pk": 1, "model": "umatik.map", "fields": {"map": "uploads/fuar_yerlesim_plani.jpg", "app": 4, "order": 1, "name": "Hall 1"}}, {"pk": 2, "model": "umatik.map", "fields": {"map": "uploads/fuar_yerlesim_plani2.jpg", "app": 4, "order": 1, "name": "hall 2"}}, {"pk": 3, "model": "umatik.map", "fields": {"map": "uploads/018_1.jpg", "app": 3, "order": 1, "name": "test"}}, {"pk": 288, "model": "umatik.matrix", "fields": {"node1": 25, "distance": 224, "app": 4, "node2": 24}}, {"pk": 296, "model": "umatik.matrix", "fields": {"node1": 23, "distance": 295, "app": 4, "node2": 24}}, {"pk": 297, "model": "umatik.matrix", "fields": {"node1": 24, "distance": 295, "app": 4, "node2": 23}}, {"pk": 310, "model": "umatik.matrix", "fields": {"node1": 24, "distance": 224, "app": 4, "node2": 25}}, {"pk": 364, "model": "umatik.matrix", "fields": {"node1": 27, "distance": 235, "app": 4, "node2": 28}}, {"pk": 365, "model": "umatik.matrix", "fields": {"node1": 28, "distance": 235, "app": 4, "node2": 27}}, {"pk": 400, "model": "umatik.matrix", "fields": {"node1": 26, "distance": 211, "app": 4, "node2": 28}}, {"pk": 401, "model": "umatik.matrix", "fields": {"node1": 28, "distance": 211, "app": 4, "node2": 26}}, {"pk": 404, "model": "umatik.matrix", "fields": {"node1": 26, "distance": 260, "app": 4, "node2": 25}}, {"pk": 405, "model": "umatik.matrix", "fields": {"node1": 25, "distance": 260, "app": 4, "node2": 26}}, {"pk": 599, "model": "umatik.matrix", "fields": {"node1": 23, "distance": 231, "app": 4, "node2": 25}}, {"pk": 600, "model": "umatik.matrix", "fields": {"node1": 25, "distance": 231, "app": 4, "node2": 23}}, {"pk": 601, "model": "umatik.matrix", "fields": {"node1": 27, "distance": 103, "app": 4, "node2": 26}}, {"pk": 602, "model": "umatik.matrix", "fields": {"node1": 26, "distance": 103, "app": 4, "node2": 27}}, {"pk": 603, "model": "umatik.matrix", "fields": {"node1": 25, "distance": 243, "app": 4, "node2": 27}}, {"pk": 604, "model": "umatik.matrix", "fields": {"node1": 27, "distance": 243, "app": 4, "node2": 25}}, {"pk": 1, "model": "umatik.profile", "fields": {"node": null, "timestamp": "2013-01-14T13:56:21.747", "super": false, "user": 2, "apps": [3, 4, 5]}}, {"pk": 2, "model": "umatik.news", "fields": {"sort": 0, "title": "Uygulamatik A\u00e7\u0131ld\u0131!!!!", "timestamp": "2013-01-25T11:02:57.588", "app": 4, "detail": "art\u0131k hayat daha kolay, kanser bile o kadar ac\u0131tm\u0131yor (ama hala \u00f6ld\u00fcr\u00fcc\u00fc)", "summary": "ya \u00f6yle tek \u00fcnlem ge\u00e7i\u015ftiremeyece\u011fimiz s\u00fcper bi durum bu", "image": "uploads/admin_logo_1.png"}}, {"pk": 1, "model": "umatik.page", "fields": {"sort": 0, "title": "Ula\u015f\u0131m", "timestamp": "2013-01-25T11:36:24.170", "app": 4, "detail": "valaa zor yani s\u0131k\u0131ysa gelin. valaa zor yani s\u0131k\u0131ysa gelin. valaa zor yani s\u0131k\u0131ysa gelin. valaa zor yani s\u0131k\u0131ysa gelin. valaa zor yani s\u0131k\u0131ysa gelin. valaa zor yani s\u0131k\u0131ysa gelin. valaa zor yani s\u0131k\u0131ysa gelin. valaa zor yani s\u0131k\u0131ysa gelin. valaa zor yani s\u0131k\u0131ysa gelin. valaa zor yani s\u0131k\u0131ysa gelin. valaa zor yani s\u0131k\u0131ysa gelin. valaa zor yani s\u0131k\u0131ysa gelin. ", "summary": "T\u00fcyapa ula\u015f\u0131m \u00e7ok zor", "image": "uploads/kampanyalar_1.png"}}, {"pk": 1, "model": "umatik.version", "fields": {"current_version": "0.02", "app": 3, "pid": ""}}, {"pk": 2, "model": "umatik.version", "fields": {"current_version": "8.70", "app": 4, "pid": ""}}, {"pk": 1, "model": "umatik.customer", "fields": {"name": "asd", "mobile": "34", "timestamp": "2013-01-25T00:51:37.053", "app": 4, "address": "fsdfsdfs", "mail": "sdfq@fsd.com"}}, {"pk": 2, "model": "umatik.feedback", "fields": {"customer": 1, "archived": false, "forhost": true, "app": 4, "object_id": null, "date": "2013-01-25T00:56:27.636", "place": null, "notes": null, "content_type": null, "msg": "dasdasd", "type": 2, "called": false}}, {"pk": 1, "model": "umatik.speaker", "fields": {"profile": " adasd asasdas as", "firstname": "Ali", "lastname": "\u00dcnl\u00fc", "app": 4, "pid": "8b3b19213fbc975c4788a4d11b1c4805", "photo": "uploads/b2.png", "position": "M\u00fcd\u00fcr", "company": "Fordzilla"}}, {"pk": 2, "model": "umatik.speaker", "fields": {"profile": "asdasdasdasdas", "firstname": "Ahmet", "lastname": "Aydo\u011fan", "app": 4, "pid": "5b0361347bd94f66a6614edfef3180bf", "photo": "uploads/b3.png", "position": "Patoloji A.B.D. Yrd.Do\u00e7.", "company": "Mehmet Akif Ersoy \u00dcniversitesi"}}, {"pk": 3, "model": "umatik.speaker", "fields": {"profile": "ad asdadas adasdasdasd", "firstname": "Evren Esat", "lastname": "\u00d6zkan", "app": 4, "pid": "e555cb73bab8f9ca899d4a653d02ff51", "photo": "", "position": "", "company": ""}}, {"pk": 4, "model": "umatik.speaker", "fields": {"profile": "", "firstname": "asd", "lastname": "asdasdasd", "app": 4, "pid": "e7058a91e807028f9afe697246755dc8", "photo": "uploads/b6.png", "position": "", "company": ""}}, {"pk": 2, "model": "umatik.delegate", "fields": {"profile": "Super duper \u015fef tech Super duper \u015fef tech Super duper \u015fef tech Super duper \u015fef tech Super duper \u015fef tech Super duper \u015fef tech Super duper \u015fef tech Super duper \u015fef tech Super duper \u015fef tech Super duper \u015fef tech ", "firstname": "Evern Esat", "lastname": "Ozkan", "app": 4, "pid": "3fbe7a41261f3b52034d6a43ee0a324e", "photo": "uploads/b6_2.png", "position": "CTO", "company": "Elipsis Ltd."}}, {"pk": 3, "model": "umatik.delegate", "fields": {"profile": "Super duper cad\u0131 \u015fef tech Super duper \u015fef tech Super duper \u015fef tech Super duper \u015fef tech Super duper \u015fef tech Super duper \u015fef tech Super duper \u015fef tech Super duper \u015fef tech Super duper \u015fef tech Super duper \u015fef tech ", "firstname": "Munevver", "lastname": "Yegul Ozkan", "app": 4, "pid": "4417321e9889888534afc92160821c77", "photo": "uploads/g6.png", "position": "CEO", "company": "\u00d6zkanlar Minited"}}, {"pk": 2, "model": "umatik.photo", "fields": {"sort": 0, "photo": "uploads/006_1.jpg", "app": 4, "title": "Photo 1 11"}}, {"pk": 3, "model": "umatik.photo", "fields": {"sort": 0, "photo": "uploads/014.jpg", "app": 4, "title": "dada das"}}, {"pk": 4, "model": "umatik.photo", "fields": {"sort": 0, "photo": "uploads/016.jpg", "app": 4, "title": "adas"}}, {"pk": 5, "model": "umatik.photo", "fields": {"sort": 0, "photo": "uploads/018.jpg", "app": 4, "title": "ad asdasd"}}, {"pk": 6, "model": "umatik.photo", "fields": {"sort": 0, "photo": "uploads/002.jpg", "app": 4, "title": "sadfsdf sdfsdf"}}, {"pk": 1, "model": "umatik.exhibitor", "fields": {"profile": "Elipsis Yaz\u0131l\u0131m Ekim 2011 tarihinde piyasa deneyimi y\u00fcksek iki ortak taraf\u0131ndan tamamen yerli sermayeli bir \u015firket olarak kurulmu\u015ftur. Kuruldu\u011fu andan itibaren \u00fcretmeye ba\u015flam\u0131\u015f olan ekibimiz \u0130zmir Kar\u015f\u0131yaka' daki ofisimizde \u00e7al\u0131\u015fmalar\u0131n\u0131 s\u00fcrd\u00fcrmektedir.\r\n ", "node": 23, "app": 4, "pid": "8b3b19213fbc975c4788a4d11b1c4805", "email": "bilgi@elipsis.com.tr", "phone": "2323234430", "logo": "uploads/logo.png", "company": "Elipsis Yaz\u0131l\u0131m Elektronik Ltd. \u015eti."}}, {"pk": 2, "model": "umatik.exhibitor", "fields": {"profile": "a dad asd adas ada", "node": 26, "app": 4, "pid": "5b0361347bd94f66a6614edfef3180bf", "email": "", "phone": "", "logo": "", "company": "Kat2"}}, {"pk": 3, "model": "umatik.exhibitor", "fields": {"profile": "asdasda", "node": 24, "app": 4, "pid": "e555cb73bab8f9ca899d4a653d02ff51", "email": "", "phone": "", "logo": "", "company": "Katilimci Firma 3"}}, {"pk": 4, "model": "umatik.exhibitor", "fields": {"profile": "Katilimci Firma Katilimci Firma Katilimci Firma ", "node": 28, "app": 4, "pid": "353ae0189f2fcee0f7edb6773477fe31", "email": "", "phone": "", "logo": "", "company": "Katilimci Firma 4"}}, {"pk": 5, "model": "umatik.exhibitor", "fields": {"profile": "Katilimci Firma Katilimci Firma Katilimci Firma Katilimci Firma ", "node": 25, "app": 4, "pid": "936c5e852113c01ee1dd0e459f1f0fc9", "email": "", "phone": "", "logo": "", "company": "Katilimci Firma 6"}}, {"pk": 6, "model": "umatik.exhibitor", "fields": {"profile": "Katilimci Firma Katilimci Firma Katilimci Firma Katilimci Firma ", "node": 27, "app": 4, "pid": "c5d5a12efca0f445f919d55c042306f6", "email": "", "phone": "", "logo": "", "company": "Katilimci Firma 7"}}, {"pk": 1, "model": "umatik.exhibitorfiles", "fields": {"timestamp": "2013-01-21T00:57:19.536", "app": 4, "exhibitor": 1, "file": "uploads/mobil_avm_bg_1.jpg", "title": "sdf"}}, {"pk": 3, "model": "umatik.exhibitorfiles", "fields": {"timestamp": "2013-01-21T05:45:11.763", "app": 4, "exhibitor": 1, "file": "uploads/C.V.-Mehmet_Ozgur_Bayhan_1.pdf", "title": "da asd as"}}, {"pk": 1, "model": "umatik.event", "fields": {"node": null, "speakers": [1], "end": "12:40:00", "description": " dasdasdasdas dasdas ", "title": "Falanca Toplant\u0131s\u0131", "app": 4, "pid": "b1fdaf953cf0b48735b9c1d568f4a9c5", "start": "12:00:00", "location": "", "date": "2013-01-15", "image": ""}}, {"pk": 2, "model": "umatik.event", "fields": {"node": null, "speakers": [2, 3], "end": "14:30:00", "description": "d asdsdasd \u015fa flksdflkjasdhfksdfbkn  skdjfkwsbfsddfsdfsaasfsdfsdfsfsdf", "title": "Filanca Konferans\u0131", "app": 4, "pid": "10d89704805d0114d7519856b64cc31c", "start": "13:30:00", "location": "", "date": "2013-01-16", "image": "uploads/The_Grid_by_digb.jpg"}}, {"pk": 3, "model": "umatik.event", "fields": {"node": null, "speakers": [3], "end": "01:19:25", "description": "vbnvbn", "title": "ccvbcvbc", "app": 4, "pid": "6da7f679e8e42ee13db6ba7505115f57", "start": "01:19:23", "location": "", "date": "2013-01-16", "image": ""}}, {"pk": 4, "model": "umatik.event", "fields": {"node": null, "speakers": [1], "end": "12:00:00", "description": "bbbbbbbbb", "title": "bbbbbbbbbb", "app": 4, "pid": "069e51aa2f9299fc8675ed3365b4984d", "start": "01:19:40", "location": "", "date": "2013-01-16", "image": ""}}, {"pk": 5, "model": "umatik.event", "fields": {"node": 30, "speakers": [3, 4], "end": "00:00:00", "description": "asd as af fsdfj;ldsaf;sdf sdfsdfds", "title": "DADADADA", "app": 4, "pid": "241bf3daa1f15f90ed4d038026d07125", "start": "17:20:07", "location": "", "date": "2013-01-19", "image": "uploads/ic_launcher.png"}}, {"pk": 1, "model": "umatik.sponsortype", "fields": {"sort": 0, "timestamp": "2013-01-24T15:41:47.512", "app": 5, "title": "Gold"}}, {"pk": 2, "model": "umatik.sponsortype", "fields": {"sort": 2, "timestamp": "2013-01-24T16:09:05.834", "app": 4, "title": "G\u00dcm\u00fc\u015f"}}, {"pk": 3, "model": "umatik.sponsortype", "fields": {"sort": 4, "timestamp": "2013-01-24T16:47:58.620", "app": 4, "title": "Alt\u0131n"}}, {"pk": 4, "model": "umatik.sponsortype", "fields": {"sort": 0, "timestamp": "2013-01-24T23:42:03.751", "app": 4, "title": "aada"}}, {"pk": 5, "model": "umatik.sponsortype", "fields": {"sort": 0, "timestamp": "2013-01-24T23:43:12.488", "app": 4, "title": "dgdf"}}, {"pk": 1, "model": "umatik.sponsor", "fields": {"profile": "a da jdaksjd lasjd alskjd laskjdlaskjdlas sjdlasj lasjdlka sa da jdaksjd lasjd alskjd laskjdlaskjdlas sjdlasj lasjdlka sa da jdaksjd lasjd alskjd laskjdlaskjdlas sjdlasj lasjdlka sa da jdaksjd lasjd alskjd laskjdlaskjdlas sjdlasj lasjdlka sa da jdaksjd lasjd alskjd laskjdlaskjdlas sjdlasj lasjdlka sa da jdaksjd lasjd alskjd laskjdlaskjdlas sjdlasj lasjdlka sa da jdaksjd lasjd alskjd laskjdlaskjdlas sjdlasj lasjdlka s", "app": 4, "email": "erqqqqqq@sdasd.com", "phone": "342423", "logo": "uploads/admin_logo_2.png", "type": 2, "company": "Elipsis Ltd."}}, {"pk": 2, "model": "umatik.sponsor", "fields": {"profile": "as dasdas", "app": 4, "email": "", "phone": "", "logo": "", "type": 3, "company": "Brip"}}]