[{"pk": 1, "model": "contenttypes.contenttype", "fields": {"model": "permission", "name": "permission", "app_label": "auth"}}, {"pk": 2, "model": "contenttypes.contenttype", "fields": {"model": "group", "name": "group", "app_label": "auth"}}, {"pk": 3, "model": "contenttypes.contenttype", "fields": {"model": "user", "name": "user", "app_label": "auth"}}, {"pk": 4, "model": "contenttypes.contenttype", "fields": {"model": "contenttype", "name": "content type", "app_label": "contenttypes"}}, {"pk": 5, "model": "contenttypes.contenttype", "fields": {"model": "session", "name": "session", "app_label": "sessions"}}, {"pk": 6, "model": "contenttypes.contenttype", "fields": {"model": "site", "name": "site", "app_label": "sites"}}, {"pk": 7, "model": "contenttypes.contenttype", "fields": {"model": "logentry", "name": "log entry", "app_label": "admin"}}, {"pk": 8, "model": "contenttypes.contenttype", "fields": {"model": "migrationhistory", "name": "migration history", "app_label": "south"}}, {"pk": 9, "model": "contenttypes.contenttype", "fields": {"model": "block", "name": "Content Block", "app_label": "blok"}}, {"pk": 10, "model": "contenttypes.contenttype", "fields": {"model": "blocktranslation", "name": "Block Translation", "app_label": "blok"}}, {"pk": 11, "model": "contenttypes.contenttype", "fields": {"model": "source", "name": "source", "app_label": "easy_thumbnails"}}, {"pk": 12, "model": "contenttypes.contenttype", "fields": {"model": "thumbnail", "name": "thumbnail", "app_label": "easy_thumbnails"}}, {"pk": 13, "model": "contenttypes.contenttype", "fields": {"model": "module", "name": "module", "app_label": "umatik"}}, {"pk": 14, "model": "contenttypes.contenttype", "fields": {"model": "moduleselection", "name": "module selection", "app_label": "umatik"}}, {"pk": 15, "model": "contenttypes.contenttype", "fields": {"model": "apptype", "name": "app type", "app_label": "umatik"}}, {"pk": 16, "model": "contenttypes.contenttype", "fields": {"model": "theme", "name": "theme", "app_label": "umatik"}}, {"pk": 17, "model": "contenttypes.contenttype", "fields": {"model": "icon", "name": "icon", "app_label": "umatik"}}, {"pk": 18, "model": "contenttypes.contenttype", "fields": {"model": "application", "name": "application", "app_label": "umatik"}}, {"pk": 19, "model": "contenttypes.contenttype", "fields": {"model": "block", "name": "\u0130\u00e7erik blo\u011fu", "app_label": "umatik"}}, {"pk": 20, "model": "contenttypes.contenttype", "fields": {"model": "blocktranslation", "name": "Blok \u00e7evirisi", "app_label": "umatik"}}, {"pk": 21, "model": "contenttypes.contenttype", "fields": {"model": "productcategory", "name": "Category", "app_label": "umatik"}}, {"pk": 22, "model": "contenttypes.contenttype", "fields": {"model": "storeproductcategory", "name": "Store category", "app_label": "umatik"}}, {"pk": 23, "model": "contenttypes.contenttype", "fields": {"model": "place", "name": "Place", "app_label": "umatik"}}, {"pk": 24, "model": "contenttypes.contenttype", "fields": {"model": "node", "name": "node", "app_label": "umatik"}}, {"pk": 25, "model": "contenttypes.contenttype", "fields": {"model": "map", "name": "map", "app_label": "umatik"}}, {"pk": 26, "model": "contenttypes.contenttype", "fields": {"model": "matrix", "name": "matrix", "app_label": "umatik"}}, {"pk": 27, "model": "contenttypes.contenttype", "fields": {"model": "profile", "name": "profile", "app_label": "umatik"}}, {"pk": 28, "model": "contenttypes.contenttype", "fields": {"model": "product", "name": "Product", "app_label": "umatik"}}, {"pk": 29, "model": "contenttypes.contenttype", "fields": {"model": "campaign", "name": "Campaign", "app_label": "umatik"}}, {"pk": 30, "model": "contenttypes.contenttype", "fields": {"model": "news", "name": "News Entry", "app_label": "umatik"}}, {"pk": 31, "model": "contenttypes.contenttype", "fields": {"model": "page", "name": "Page Entry", "app_label": "umatik"}}, {"pk": 32, "model": "contenttypes.contenttype", "fields": {"model": "version", "name": "version", "app_label": "umatik"}}, {"pk": 33, "model": "contenttypes.contenttype", "fields": {"model": "customer", "name": "M\u00fc\u015fteri", "app_label": "umatik"}}, {"pk": 34, "model": "contenttypes.contenttype", "fields": {"model": "feedback", "name": "Geribildirim", "app_label": "umatik"}}, {"pk": 35, "model": "contenttypes.contenttype", "fields": {"model": "baseorder", "name": "Order", "app_label": "umatik"}}, {"pk": 36, "model": "contenttypes.contenttype", "fields": {"model": "storeorder", "name": "Store Order", "app_label": "umatik"}}, {"pk": 37, "model": "contenttypes.contenttype", "fields": {"model": "orderitem", "name": "Order item", "app_label": "umatik"}}, {"pk": 38, "model": "contenttypes.contenttype", "fields": {"model": "elog", "name": "Client Error", "app_label": "umatik"}}, {"pk": 39, "model": "contenttypes.contenttype", "fields": {"model": "speaker", "name": "Speaker", "app_label": "umatik"}}, {"pk": 40, "model": "contenttypes.contenttype", "fields": {"model": "delegate", "name": "Delegate", "app_label": "umatik"}}, {"pk": 41, "model": "contenttypes.contenttype", "fields": {"model": "photo", "name": "Photo", "app_label": "umatik"}}, {"pk": 42, "model": "contenttypes.contenttype", "fields": {"model": "exhibitor", "name": "Exhibitor", "app_label": "umatik"}}, {"pk": 43, "model": "contenttypes.contenttype", "fields": {"model": "exhibitorfiles", "name": "exhibitor files", "app_label": "umatik"}}, {"pk": 44, "model": "contenttypes.contenttype", "fields": {"model": "event", "name": "Event", "app_label": "umatik"}}, {"pk": 45, "model": "contenttypes.contenttype", "fields": {"model": "sponsortype", "name": "sponsor type", "app_label": "umatik"}}, {"pk": 46, "model": "contenttypes.contenttype", "fields": {"model": "sponsor", "name": "Sponsor", "app_label": "umatik"}}, {"pk": 1, "model": "sites.site", "fields": {"domain": "example.com", "name": "example.com"}}, {"pk": 1, "model": "easy_thumbnails.source", "fields": {"name": "uploads/logo.png", "storage_hash": "932e6c4568c8af3b9f914c324ab4d800", "modified": "2013-01-28T11:05:03"}}, {"pk": 2, "model": "easy_thumbnails.source", "fields": {"name": "uploads/a104.jpg", "storage_hash": "932e6c4568c8af3b9f914c324ab4d800", "modified": "2013-02-01T02:15:05"}}, {"pk": 3, "model": "easy_thumbnails.source", "fields": {"name": "uploads/alfa_logo.jpg", "storage_hash": "932e6c4568c8af3b9f914c324ab4d800", "modified": "2013-02-01T02:34:38"}}, {"pk": 4, "model": "easy_thumbnails.source", "fields": {"name": "uploads/idefix-logo.gif", "storage_hash": "932e6c4568c8af3b9f914c324ab4d800", "modified": "2013-02-01T02:44:50"}}, {"pk": 5, "model": "easy_thumbnails.source", "fields": {"name": "uploads/iletisim-yayinlari-ndan-yeni-bir-seri_142509.jpg", "storage_hash": "932e6c4568c8af3b9f914c324ab4d800", "modified": "2013-02-01T02:50:53"}}, {"pk": 6, "model": "easy_thumbnails.source", "fields": {"name": "uploads/timthumb.jpg", "storage_hash": "932e6c4568c8af3b9f914c324ab4d800", "modified": "2013-02-01T02:54:26"}}, {"pk": 7, "model": "easy_thumbnails.source", "fields": {"name": "uploads/idefix-logo_1.gif", "storage_hash": "932e6c4568c8af3b9f914c324ab4d800", "modified": "2013-02-01T02:56:43"}}, {"pk": 8, "model": "easy_thumbnails.source", "fields": {"name": "uploads/photo.jpg", "storage_hash": "932e6c4568c8af3b9f914c324ab4d800", "modified": "2013-02-01T02:57:34"}}, {"pk": 9, "model": "easy_thumbnails.source", "fields": {"name": "uploads/ic_launcher.png", "storage_hash": "932e6c4568c8af3b9f914c324ab4d800", "modified": "2013-01-28T11:05:02"}}, {"pk": 10, "model": "easy_thumbnails.source", "fields": {"name": "uploads/illu_icon_microphone.gif", "storage_hash": "932e6c4568c8af3b9f914c324ab4d800", "modified": "2013-02-01T03:27:48"}}, {"pk": 11, "model": "easy_thumbnails.source", "fields": {"name": "uploads/tux2.png", "storage_hash": "932e6c4568c8af3b9f914c324ab4d800", "modified": "2013-02-01T03:33:15"}}, {"pk": 12, "model": "easy_thumbnails.source", "fields": {"name": "uploads/linux_logo.jpg", "storage_hash": "932e6c4568c8af3b9f914c324ab4d800", "modified": "2013-02-01T03:38:10"}}, {"pk": 13, "model": "easy_thumbnails.source", "fields": {"name": "uploads/g6.png", "storage_hash": "932e6c4568c8af3b9f914c324ab4d800", "modified": "2013-01-28T11:05:01"}}, {"pk": 14, "model": "easy_thumbnails.source", "fields": {"name": "uploads/unnamed.png", "storage_hash": "932e6c4568c8af3b9f914c324ab4d800", "modified": "2013-02-01T03:57:44"}}, {"pk": 15, "model": "easy_thumbnails.source", "fields": {"name": "uploads/admin_logo_3.png", "storage_hash": "932e6c4568c8af3b9f914c324ab4d800", "modified": "2013-02-01T04:17:58"}}, {"pk": 1, "model": "easy_thumbnails.thumbnail", "fields": {"source": 1, "name": "uploads/exh_xs_logo.png", "storage_hash": "d26becbf46ac48eda79c7a39a13a02dd", "modified": "2013-02-01T00:07:38"}}, {"pk": 2, "model": "easy_thumbnails.thumbnail", "fields": {"source": 1, "name": "uploads/exh_s_logo.png", "storage_hash": "d26becbf46ac48eda79c7a39a13a02dd", "modified": "2013-02-01T00:07:38"}}, {"pk": 3, "model": "easy_thumbnails.thumbnail", "fields": {"source": 1, "name": "uploads/exh_l_logo.png", "storage_hash": "d26becbf46ac48eda79c7a39a13a02dd", "modified": "2013-02-01T00:07:38"}}, {"pk": 4, "model": "easy_thumbnails.thumbnail", "fields": {"source": 2, "name": "uploads/exh_xs_a104.jpg", "storage_hash": "d26becbf46ac48eda79c7a39a13a02dd", "modified": "2013-02-01T02:15:05"}}, {"pk": 5, "model": "easy_thumbnails.thumbnail", "fields": {"source": 2, "name": "uploads/exh_s_a104.jpg", "storage_hash": "d26becbf46ac48eda79c7a39a13a02dd", "modified": "2013-02-01T02:15:05"}}, {"pk": 6, "model": "easy_thumbnails.thumbnail", "fields": {"source": 2, "name": "uploads/exh_l_a104.jpg", "storage_hash": "d26becbf46ac48eda79c7a39a13a02dd", "modified": "2013-02-01T02:15:05"}}, {"pk": 7, "model": "easy_thumbnails.thumbnail", "fields": {"source": 3, "name": "uploads/exh_xs_alfa_logo.jpg", "storage_hash": "d26becbf46ac48eda79c7a39a13a02dd", "modified": "2013-02-01T02:34:38"}}, {"pk": 8, "model": "easy_thumbnails.thumbnail", "fields": {"source": 3, "name": "uploads/exh_s_alfa_logo.jpg", "storage_hash": "d26becbf46ac48eda79c7a39a13a02dd", "modified": "2013-02-01T02:34:38"}}, {"pk": 9, "model": "easy_thumbnails.thumbnail", "fields": {"source": 3, "name": "uploads/exh_l_alfa_logo.jpg", "storage_hash": "d26becbf46ac48eda79c7a39a13a02dd", "modified": "2013-02-01T02:34:38"}}, {"pk": 10, "model": "easy_thumbnails.thumbnail", "fields": {"source": 4, "name": "uploads/exh_xs_idefix-logo.jpg", "storage_hash": "d26becbf46ac48eda79c7a39a13a02dd", "modified": "2013-02-01T02:44:50"}}, {"pk": 11, "model": "easy_thumbnails.thumbnail", "fields": {"source": 4, "name": "uploads/exh_s_idefix-logo.jpg", "storage_hash": "d26becbf46ac48eda79c7a39a13a02dd", "modified": "2013-02-01T02:44:50"}}, {"pk": 12, "model": "easy_thumbnails.thumbnail", "fields": {"source": 4, "name": "uploads/exh_l_idefix-logo.jpg", "storage_hash": "d26becbf46ac48eda79c7a39a13a02dd", "modified": "2013-02-01T02:44:50"}}, {"pk": 13, "model": "easy_thumbnails.thumbnail", "fields": {"source": 5, "name": "uploads/exh_xs_iletisim-yayinlari-ndan-yeni-bir-seri_142509.jpg", "storage_hash": "d26becbf46ac48eda79c7a39a13a02dd", "modified": "2013-02-01T02:50:53"}}, {"pk": 14, "model": "easy_thumbnails.thumbnail", "fields": {"source": 5, "name": "uploads/exh_s_iletisim-yayinlari-ndan-yeni-bir-seri_142509.jpg", "storage_hash": "d26becbf46ac48eda79c7a39a13a02dd", "modified": "2013-02-01T02:50:53"}}, {"pk": 15, "model": "easy_thumbnails.thumbnail", "fields": {"source": 5, "name": "uploads/exh_l_iletisim-yayinlari-ndan-yeni-bir-seri_142509.jpg", "storage_hash": "d26becbf46ac48eda79c7a39a13a02dd", "modified": "2013-02-01T02:50:53"}}, {"pk": 16, "model": "easy_thumbnails.thumbnail", "fields": {"source": 6, "name": "uploads/exh_xs_timthumb.jpg", "storage_hash": "d26becbf46ac48eda79c7a39a13a02dd", "modified": "2013-02-01T02:54:26"}}, {"pk": 17, "model": "easy_thumbnails.thumbnail", "fields": {"source": 6, "name": "uploads/exh_s_timthumb.jpg", "storage_hash": "d26becbf46ac48eda79c7a39a13a02dd", "modified": "2013-02-01T02:54:26"}}, {"pk": 18, "model": "easy_thumbnails.thumbnail", "fields": {"source": 6, "name": "uploads/exh_l_timthumb.jpg", "storage_hash": "d26becbf46ac48eda79c7a39a13a02dd", "modified": "2013-02-01T02:54:26"}}, {"pk": 19, "model": "easy_thumbnails.thumbnail", "fields": {"source": 7, "name": "uploads/exh_xs_idefix-logo_1.jpg", "storage_hash": "d26becbf46ac48eda79c7a39a13a02dd", "modified": "2013-02-01T02:56:43"}}, {"pk": 20, "model": "easy_thumbnails.thumbnail", "fields": {"source": 7, "name": "uploads/exh_s_idefix-logo_1.jpg", "storage_hash": "d26becbf46ac48eda79c7a39a13a02dd", "modified": "2013-02-01T02:56:43"}}, {"pk": 21, "model": "easy_thumbnails.thumbnail", "fields": {"source": 7, "name": "uploads/exh_l_idefix-logo_1.jpg", "storage_hash": "d26becbf46ac48eda79c7a39a13a02dd", "modified": "2013-02-01T02:56:43"}}, {"pk": 22, "model": "easy_thumbnails.thumbnail", "fields": {"source": 8, "name": "uploads/exh_xs_photo.jpg", "storage_hash": "d26becbf46ac48eda79c7a39a13a02dd", "modified": "2013-02-01T02:57:34"}}, {"pk": 23, "model": "easy_thumbnails.thumbnail", "fields": {"source": 8, "name": "uploads/exh_s_photo.jpg", "storage_hash": "d26becbf46ac48eda79c7a39a13a02dd", "modified": "2013-02-01T02:57:34"}}, {"pk": 24, "model": "easy_thumbnails.thumbnail", "fields": {"source": 8, "name": "uploads/exh_l_photo.jpg", "storage_hash": "d26becbf46ac48eda79c7a39a13a02dd", "modified": "2013-02-01T02:57:34"}}, {"pk": 25, "model": "easy_thumbnails.thumbnail", "fields": {"source": 9, "name": "uploads/evnt_xs_ic_launcher.png", "storage_hash": "d26becbf46ac48eda79c7a39a13a02dd", "modified": "2013-02-01T03:25:56"}}, {"pk": 26, "model": "easy_thumbnails.thumbnail", "fields": {"source": 9, "name": "uploads/evnt_s_ic_launcher.png", "storage_hash": "d26becbf46ac48eda79c7a39a13a02dd", "modified": "2013-02-01T03:25:56"}}, {"pk": 27, "model": "easy_thumbnails.thumbnail", "fields": {"source": 9, "name": "uploads/evnt_l_ic_launcher.png", "storage_hash": "d26becbf46ac48eda79c7a39a13a02dd", "modified": "2013-02-01T03:25:56"}}, {"pk": 28, "model": "easy_thumbnails.thumbnail", "fields": {"source": 10, "name": "uploads/evnt_xs_illu_icon_microphone.jpg", "storage_hash": "d26becbf46ac48eda79c7a39a13a02dd", "modified": "2013-02-01T03:27:48"}}, {"pk": 29, "model": "easy_thumbnails.thumbnail", "fields": {"source": 10, "name": "uploads/evnt_s_illu_icon_microphone.jpg", "storage_hash": "d26becbf46ac48eda79c7a39a13a02dd", "modified": "2013-02-01T03:27:48"}}, {"pk": 30, "model": "easy_thumbnails.thumbnail", "fields": {"source": 10, "name": "uploads/evnt_l_illu_icon_microphone.jpg", "storage_hash": "d26becbf46ac48eda79c7a39a13a02dd", "modified": "2013-02-01T03:27:48"}}, {"pk": 31, "model": "easy_thumbnails.thumbnail", "fields": {"source": 11, "name": "uploads/per_xs_tux2.png", "storage_hash": "d26becbf46ac48eda79c7a39a13a02dd", "modified": "2013-02-01T03:33:15"}}, {"pk": 32, "model": "easy_thumbnails.thumbnail", "fields": {"source": 11, "name": "uploads/per_s_tux2.png", "storage_hash": "d26becbf46ac48eda79c7a39a13a02dd", "modified": "2013-02-01T03:33:15"}}, {"pk": 33, "model": "easy_thumbnails.thumbnail", "fields": {"source": 12, "name": "uploads/evnt_xs_linux_logo.jpg", "storage_hash": "d26becbf46ac48eda79c7a39a13a02dd", "modified": "2013-02-01T03:38:10"}}, {"pk": 34, "model": "easy_thumbnails.thumbnail", "fields": {"source": 12, "name": "uploads/evnt_s_linux_logo.jpg", "storage_hash": "d26becbf46ac48eda79c7a39a13a02dd", "modified": "2013-02-01T03:38:10"}}, {"pk": 35, "model": "easy_thumbnails.thumbnail", "fields": {"source": 12, "name": "uploads/evnt_l_linux_logo.jpg", "storage_hash": "d26becbf46ac48eda79c7a39a13a02dd", "modified": "2013-02-01T03:38:10"}}, {"pk": 36, "model": "easy_thumbnails.thumbnail", "fields": {"source": 13, "name": "uploads/dlg_xs_g6.png", "storage_hash": "d26becbf46ac48eda79c7a39a13a02dd", "modified": "2013-02-01T03:51:21"}}, {"pk": 37, "model": "easy_thumbnails.thumbnail", "fields": {"source": 13, "name": "uploads/dlg_s_g6.png", "storage_hash": "d26becbf46ac48eda79c7a39a13a02dd", "modified": "2013-02-01T03:51:21"}}, {"pk": 38, "model": "easy_thumbnails.thumbnail", "fields": {"source": 14, "name": "uploads/nw_xs_unnamed.png", "storage_hash": "d26becbf46ac48eda79c7a39a13a02dd", "modified": "2013-02-01T03:57:45"}}, {"pk": 39, "model": "easy_thumbnails.thumbnail", "fields": {"source": 14, "name": "uploads/nw_s_unnamed.png", "storage_hash": "d26becbf46ac48eda79c7a39a13a02dd", "modified": "2013-02-01T03:57:45"}}, {"pk": 40, "model": "easy_thumbnails.thumbnail", "fields": {"source": 14, "name": "uploads/nw_lrg_unnamed.png", "storage_hash": "d26becbf46ac48eda79c7a39a13a02dd", "modified": "2013-02-01T03:57:45"}}, {"pk": 41, "model": "easy_thumbnails.thumbnail", "fields": {"source": 15, "name": "uploads/spn_xs_admin_logo_3.png", "storage_hash": "d26becbf46ac48eda79c7a39a13a02dd", "modified": "2013-02-01T04:17:58"}}, {"pk": 42, "model": "easy_thumbnails.thumbnail", "fields": {"source": 15, "name": "uploads/spn_s_admin_logo_3.png", "storage_hash": "d26becbf46ac48eda79c7a39a13a02dd", "modified": "2013-02-01T04:17:58"}}, {"pk": 43, "model": "easy_thumbnails.thumbnail", "fields": {"source": 15, "name": "uploads/spn_l_admin_logo_3.png", "storage_hash": "d26becbf46ac48eda79c7a39a13a02dd", "modified": "2013-02-01T04:17:58"}}, {"pk": 1, "model": "umatik.module", "fields": {"name": "Sponsorlar", "title": "Sponsorlar", "timestamp": "2013-01-14T12:48:39.354", "visible": true, "active": true, "codename": "Spl", "order": 1}}, {"pk": 2, "model": "umatik.module", "fields": {"name": "Ma\u011fazalar", "title": "Ma\u011fazalar", "timestamp": "2013-01-14T12:57:40.628", "visible": true, "active": true, "codename": "Stl", "order": 1}}, {"pk": 3, "model": "umatik.module", "fields": {"name": "S\u00fcper Sipari\u015f", "title": "S\u00fcper Sipari\u015f", "timestamp": "2013-01-15T10:49:02.608", "visible": true, "active": true, "codename": "store_order", "order": 1}}, {"pk": 4, "model": "umatik.module", "fields": {"name": "\u00dcr\u00fcnler", "title": "\u00dcr\u00fcnler", "timestamp": "2013-01-15T10:49:34.156", "visible": true, "active": true, "codename": "Stp", "order": 1}}, {"pk": 5, "model": "umatik.module", "fields": {"name": "Geli\u015fmi\u015f Yerle\u015fim Plan\u0131", "title": "Yerle\u015fim Plan\u0131", "timestamp": "2013-01-15T10:50:25.113", "visible": true, "active": true, "codename": "Nvs", "order": 1}}, {"pk": 6, "model": "umatik.module", "fields": {"name": "Etkinlikler", "title": "Etkinlikler", "timestamp": "2013-01-15T10:55:00.251", "visible": true, "active": true, "codename": "events", "order": 1}}, {"pk": 7, "model": "umatik.module", "fields": {"name": "Favoriler", "title": "Favoriler", "timestamp": "2013-01-15T11:03:55.287", "visible": true, "active": true, "codename": "Evf", "order": 1}}, {"pk": 8, "model": "umatik.module", "fields": {"name": "Geli\u015fmi\u015f Geri Bildirim", "title": "Geri Bildirim", "timestamp": "2013-01-15T11:04:19.077", "visible": true, "active": true, "codename": "Fba", "order": 1}}, {"pk": 9, "model": "umatik.module", "fields": {"name": "Park Asistan\u0131", "title": "Park Asistan\u0131", "timestamp": "2013-01-15T11:05:51.564", "visible": true, "active": true, "codename": "Pkw", "order": 1}}, {"pk": 10, "model": "umatik.module", "fields": {"name": "Bilgi Merkezi", "title": "Bilgi Merkezi", "timestamp": "2013-01-15T11:11:52.402", "visible": true, "active": true, "codename": "Pgl", "order": 1}}, {"pk": 11, "model": "umatik.module", "fields": {"name": "Galeri", "title": "Galeri", "timestamp": "2013-01-15T11:13:14.828", "visible": true, "active": true, "codename": "Phg", "order": 1}}, {"pk": 12, "model": "umatik.module", "fields": {"name": "Kat\u0131l\u0131mc\u0131lar", "title": "Kat\u0131l\u0131mc\u0131lar", "timestamp": "2013-01-15T11:13:50.261", "visible": true, "active": true, "codename": "Exl", "order": 1}}, {"pk": 13, "model": "umatik.module", "fields": {"name": "Kampanyalar", "title": "Kampanyalar", "timestamp": "2013-01-15T11:14:11.869", "visible": true, "active": true, "codename": "Stc", "order": 1}}, {"pk": 14, "model": "umatik.module", "fields": {"name": "Haberler", "title": "Haberler", "timestamp": "2013-01-15T11:14:34.688", "visible": true, "active": true, "codename": "Nwl", "order": 1}}, {"pk": 15, "model": "umatik.module", "fields": {"name": "Delegeler", "title": "Delegeler", "timestamp": "2013-01-15T11:19:57.148", "visible": true, "active": true, "codename": "Dgl", "order": 1}}, {"pk": 16, "model": "umatik.module", "fields": {"name": "Konu\u015fmac\u0131lar", "title": "Konu\u015fmac\u0131lar", "timestamp": "2013-01-16T00:30:56.904", "visible": true, "active": true, "codename": "Evs", "order": 1}}, {"pk": 17, "model": "umatik.module", "fields": {"name": "Favori Etkinlikler", "title": "-", "timestamp": "2013-01-21T10:44:37.418", "visible": false, "active": true, "codename": "Evf", "order": 1}}, {"pk": 18, "model": "umatik.module", "fields": {"name": "Favori Dosyalar", "title": "-", "timestamp": "2013-01-21T10:45:49.996", "visible": false, "active": true, "codename": "files_favorites", "order": 1}}, {"pk": 19, "model": "umatik.module", "fields": {"name": "Kat\u0131l\u0131mc\u0131 Belgeleri", "title": "-", "timestamp": "2013-01-22T11:18:09.527", "visible": false, "active": true, "codename": "Exl", "order": 1}}, {"pk": 20, "model": "umatik.module", "fields": {"name": "Geri Bildirim", "title": "Geri Bildirim", "timestamp": "2013-01-25T00:19:37.375", "visible": true, "active": true, "codename": "Fbs", "order": 1}}, {"pk": 21, "model": "umatik.module", "fields": {"name": "Yerle\u015fim Plan\u0131", "title": "Yerle\u015fim Plan\u0131", "timestamp": "2013-01-28T02:47:56.170", "visible": true, "active": true, "codename": "Nvl", "order": 1}}, {"pk": 1, "model": "umatik.moduleselection", "fields": {"title": "Ma\u011fazalar", "timestamp": "2013-01-14T12:59:33.423", "app": 3, "module": 2, "customicon": "", "active": true, "order": 1, "icon": 2}}, {"pk": 2, "model": "umatik.moduleselection", "fields": {"title": "Sponsorlar", "timestamp": "2013-01-14T13:56:15.861", "app": 4, "module": 1, "customicon": "", "active": true, "order": 1, "icon": 1}}, {"pk": 3, "model": "umatik.moduleselection", "fields": {"title": "Yer G\u00f6sterici", "timestamp": "2013-01-16T00:25:51.596", "app": 4, "module": 5, "customicon": "", "active": true, "order": 1, "icon": 5}}, {"pk": 4, "model": "umatik.moduleselection", "fields": {"title": "Etkinlikler", "timestamp": "2013-01-16T00:25:51.675", "app": 4, "module": 6, "customicon": "", "active": true, "order": 1, "icon": 6}}, {"pk": 5, "model": "umatik.moduleselection", "fields": {"title": "Favoriler", "timestamp": "2013-01-16T00:25:51.682", "app": 4, "module": 7, "customicon": "", "active": true, "order": 1, "icon": 7}}, {"pk": 7, "model": "umatik.moduleselection", "fields": {"title": "Park Asistan\u0131", "timestamp": "2013-01-16T00:25:51.694", "app": 4, "module": 9, "customicon": "", "active": true, "order": 1, "icon": 9}}, {"pk": 8, "model": "umatik.moduleselection", "fields": {"title": "Bilgi Merkezi", "timestamp": "2013-01-16T00:25:51.699", "app": 4, "module": 10, "customicon": "", "active": true, "order": 1, "icon": 10}}, {"pk": 9, "model": "umatik.moduleselection", "fields": {"title": "Galeri", "timestamp": "2013-01-16T00:25:51.728", "app": 4, "module": 11, "customicon": "", "active": true, "order": 1, "icon": 11}}, {"pk": 10, "model": "umatik.moduleselection", "fields": {"title": "Kat\u0131l\u0131mc\u0131lar", "timestamp": "2013-01-16T00:25:51.734", "app": 4, "module": 12, "customicon": "", "active": true, "order": 0, "icon": 12}}, {"pk": 11, "model": "umatik.moduleselection", "fields": {"title": "Haberler", "timestamp": "2013-01-16T00:25:51.739", "app": 4, "module": 14, "customicon": "", "active": true, "order": 1, "icon": 14}}, {"pk": 12, "model": "umatik.moduleselection", "fields": {"title": "Delegeler", "timestamp": "2013-01-16T00:31:15.051", "app": 4, "module": 15, "customicon": "", "active": true, "order": 1, "icon": 15}}, {"pk": 14, "model": "umatik.moduleselection", "fields": {"title": "Konu\u015fmac\u0131lar", "timestamp": "2013-01-16T00:59:19.687", "app": 4, "module": 16, "customicon": "", "active": true, "order": 1, "icon": 16}}, {"pk": 15, "model": "umatik.moduleselection", "fields": {"title": "Ma\u011fazalar", "timestamp": "2013-01-22T17:15:13.285", "app": 5, "module": 2, "customicon": "", "active": true, "order": 1, "icon": 2}}, {"pk": 16, "model": "umatik.moduleselection", "fields": {"title": "S\u00fcper Sipari\u015f", "timestamp": "2013-01-22T17:15:13.329", "app": 5, "module": 3, "customicon": "", "active": true, "order": 1, "icon": 3}}, {"pk": 17, "model": "umatik.moduleselection", "fields": {"title": "\u00dcr\u00fcnler", "timestamp": "2013-01-22T17:15:13.339", "app": 5, "module": 4, "customicon": "", "active": true, "order": 1, "icon": 4}}, {"pk": 18, "model": "umatik.moduleselection", "fields": {"title": "Yerle\u015fim Plan\u0131", "timestamp": "2013-01-22T17:15:13.348", "app": 5, "module": 5, "customicon": "", "active": true, "order": 1, "icon": 5}}, {"pk": 19, "model": "umatik.moduleselection", "fields": {"title": "Etkinlikler", "timestamp": "2013-01-22T17:15:13.356", "app": 5, "module": 6, "customicon": "", "active": true, "order": 1, "icon": 6}}, {"pk": 20, "model": "umatik.moduleselection", "fields": {"title": "Geri Bildirim", "timestamp": "2013-01-22T17:15:13.364", "app": 5, "module": 8, "customicon": "", "active": true, "order": 1, "icon": 8}}, {"pk": 21, "model": "umatik.moduleselection", "fields": {"title": "Park Asistan\u0131", "timestamp": "2013-01-22T17:15:13.372", "app": 5, "module": 9, "customicon": "", "active": true, "order": 1, "icon": 9}}, {"pk": 22, "model": "umatik.moduleselection", "fields": {"title": "Bilgi Merkezi", "timestamp": "2013-01-22T17:15:13.382", "app": 5, "module": 10, "customicon": "", "active": true, "order": 1, "icon": 10}}, {"pk": 23, "model": "umatik.moduleselection", "fields": {"title": "Galeri", "timestamp": "2013-01-22T17:15:13.389", "app": 5, "module": 11, "customicon": "", "active": true, "order": 1, "icon": 11}}, {"pk": 24, "model": "umatik.moduleselection", "fields": {"title": "Kampanyalar", "timestamp": "2013-01-22T17:15:13.397", "app": 5, "module": 13, "customicon": "", "active": true, "order": 1, "icon": 13}}, {"pk": 25, "model": "umatik.moduleselection", "fields": {"title": "Haberler", "timestamp": "2013-01-22T17:15:13.404", "app": 5, "module": 14, "customicon": "", "active": true, "order": 1, "icon": 14}}, {"pk": 26, "model": "umatik.moduleselection", "fields": {"title": "Favoriler", "timestamp": "2013-01-22T17:15:13.413", "app": 5, "module": 7, "customicon": "", "active": true, "order": 1, "icon": 7}}, {"pk": 29, "model": "umatik.moduleselection", "fields": {"title": "Geri Bildirim", "timestamp": "2013-01-25T00:29:59.600", "app": 4, "module": 20, "customicon": "", "active": true, "order": 1, "icon": 17}}, {"pk": 40, "model": "umatik.moduleselection", "fields": {"title": "S\u00fcper Sipari\u015f", "timestamp": "2013-01-28T03:06:20.485", "app": 3, "module": 3, "customicon": "", "active": true, "order": 1, "icon": 3}}, {"pk": 41, "model": "umatik.moduleselection", "fields": {"title": "\u00dcr\u00fcnler", "timestamp": "2013-01-28T03:06:20.493", "app": 3, "module": 4, "customicon": "", "active": true, "order": 1, "icon": 4}}, {"pk": 42, "model": "umatik.moduleselection", "fields": {"title": "Etkinlikler", "timestamp": "2013-01-28T03:06:20.501", "app": 3, "module": 6, "customicon": "", "active": true, "order": 1, "icon": 6}}, {"pk": 43, "model": "umatik.moduleselection", "fields": {"title": "Park Asistan\u0131", "timestamp": "2013-01-28T03:06:20.508", "app": 3, "module": 9, "customicon": "", "active": true, "order": 1, "icon": 9}}, {"pk": 44, "model": "umatik.moduleselection", "fields": {"title": "Kampanyalar", "timestamp": "2013-01-28T03:06:20.515", "app": 3, "module": 13, "customicon": "", "active": true, "order": 1, "icon": 13}}, {"pk": 45, "model": "umatik.moduleselection", "fields": {"title": "Favoriler", "timestamp": "2013-01-28T03:06:20.522", "app": 3, "module": 7, "customicon": "", "active": true, "order": 1, "icon": 7}}, {"pk": 46, "model": "umatik.moduleselection", "fields": {"title": "Geri Bildirim", "timestamp": "2013-01-28T03:06:20.531", "app": 3, "module": 8, "customicon": "", "active": true, "order": 1, "icon": 8}}, {"pk": 47, "model": "umatik.moduleselection", "fields": {"title": "Haberler", "timestamp": "2013-01-28T03:06:20.538", "app": 3, "module": 14, "customicon": "", "active": true, "order": 1, "icon": 14}}, {"pk": 48, "model": "umatik.moduleselection", "fields": {"title": "Bilgi Merkezi", "timestamp": "2013-01-28T03:06:20.546", "app": 3, "module": 10, "customicon": "", "active": true, "order": 1, "icon": 10}}, {"pk": 49, "model": "umatik.moduleselection", "fields": {"title": "Galeri", "timestamp": "2013-01-28T03:06:20.554", "app": 3, "module": 11, "customicon": "", "active": true, "order": 1, "icon": 11}}, {"pk": 50, "model": "umatik.moduleselection", "fields": {"title": "Yerle\u015fim Plan\u0131", "timestamp": "2013-01-28T03:06:20.564", "app": 3, "module": 21, "customicon": "", "active": true, "order": 1, "icon": 18}}, {"pk": 51, "model": "umatik.moduleselection", "fields": {"title": "Yerle\u015fim Plan\u0131", "timestamp": "2013-01-28T03:22:35.183", "app": 4, "module": 21, "customicon": "", "active": true, "order": 1, "icon": 18}}, {"pk": 64, "model": "umatik.moduleselection", "fields": {"title": "Sponsorlar", "timestamp": "2013-02-01T11:24:18.435", "app": 7, "module": 1, "customicon": "", "active": true, "order": 1, "icon": 19}}, {"pk": 65, "model": "umatik.moduleselection", "fields": {"title": "Yerle\u015fim Plan\u0131", "timestamp": "2013-02-01T11:24:18.442", "app": 7, "module": 5, "customicon": "", "active": true, "order": 1, "icon": 23}}, {"pk": 66, "model": "umatik.moduleselection", "fields": {"title": "Etkinlikler", "timestamp": "2013-02-01T11:24:18.448", "app": 7, "module": 6, "customicon": "", "active": true, "order": 1, "icon": 24}}, {"pk": 67, "model": "umatik.moduleselection", "fields": {"title": "Favoriler", "timestamp": "2013-02-01T11:24:18.454", "app": 7, "module": 7, "customicon": "", "active": true, "order": 1, "icon": 25}}, {"pk": 68, "model": "umatik.moduleselection", "fields": {"title": "Park Asistan\u0131", "timestamp": "2013-02-01T11:24:18.460", "app": 7, "module": 9, "customicon": "", "active": true, "order": 1, "icon": 26}}, {"pk": 69, "model": "umatik.moduleselection", "fields": {"title": "Bilgi Merkezi", "timestamp": "2013-02-01T11:24:18.466", "app": 7, "module": 10, "customicon": "", "active": true, "order": 1, "icon": 27}}, {"pk": 70, "model": "umatik.moduleselection", "fields": {"title": "Galeri", "timestamp": "2013-02-01T11:24:18.472", "app": 7, "module": 11, "customicon": "", "active": true, "order": 1, "icon": 28}}, {"pk": 71, "model": "umatik.moduleselection", "fields": {"title": "Kat\u0131l\u0131mc\u0131lar", "timestamp": "2013-02-01T11:24:18.478", "app": 7, "module": 12, "customicon": "", "active": true, "order": 1, "icon": 29}}, {"pk": 72, "model": "umatik.moduleselection", "fields": {"title": "Haberler", "timestamp": "2013-02-01T11:24:18.484", "app": 7, "module": 14, "customicon": "", "active": true, "order": 1, "icon": 31}}, {"pk": 73, "model": "umatik.moduleselection", "fields": {"title": "Delegeler", "timestamp": "2013-02-01T11:24:18.490", "app": 7, "module": 15, "customicon": "", "active": true, "order": 1, "icon": 32}}, {"pk": 74, "model": "umatik.moduleselection", "fields": {"title": "Konu\u015fmac\u0131lar", "timestamp": "2013-02-01T11:24:18.496", "app": 7, "module": 16, "customicon": "", "active": true, "order": 1, "icon": 33}}, {"pk": 75, "model": "umatik.moduleselection", "fields": {"title": "Geri Bildirim", "timestamp": "2013-02-01T11:24:18.502", "app": 7, "module": 20, "customicon": "", "active": true, "order": 1, "icon": 34}}, {"pk": 76, "model": "umatik.moduleselection", "fields": {"title": "Yerle\u015fim Plan\u0131", "timestamp": "2013-02-01T11:24:18.508", "app": 7, "module": 21, "customicon": "", "active": true, "order": 1, "icon": 35}}, {"pk": 77, "model": "umatik.moduleselection", "fields": {"title": "Sponsorlar", "timestamp": "2013-02-03T18:24:10.494", "app": 8, "module": 1, "customicon": "", "active": true, "order": 1, "icon": 19}}, {"pk": 78, "model": "umatik.moduleselection", "fields": {"title": "Yerle\u015fim Plan\u0131", "timestamp": "2013-02-03T18:24:10.502", "app": 8, "module": 5, "customicon": "", "active": true, "order": 1, "icon": 23}}, {"pk": 79, "model": "umatik.moduleselection", "fields": {"title": "Etkinlikler", "timestamp": "2013-02-03T18:24:10.508", "app": 8, "module": 6, "customicon": "", "active": true, "order": 1, "icon": 24}}, {"pk": 80, "model": "umatik.moduleselection", "fields": {"title": "Favoriler", "timestamp": "2013-02-03T18:24:10.514", "app": 8, "module": 7, "customicon": "", "active": true, "order": 1, "icon": 25}}, {"pk": 81, "model": "umatik.moduleselection", "fields": {"title": "Park Asistan\u0131", "timestamp": "2013-02-03T18:24:10.520", "app": 8, "module": 9, "customicon": "", "active": true, "order": 1, "icon": 26}}, {"pk": 82, "model": "umatik.moduleselection", "fields": {"title": "Bilgi Merkezi", "timestamp": "2013-02-03T18:24:10.526", "app": 8, "module": 10, "customicon": "", "active": true, "order": 1, "icon": 27}}, {"pk": 83, "model": "umatik.moduleselection", "fields": {"title": "Galeri", "timestamp": "2013-02-03T18:24:10.531", "app": 8, "module": 11, "customicon": "", "active": true, "order": 1, "icon": 28}}, {"pk": 84, "model": "umatik.moduleselection", "fields": {"title": "Kat\u0131l\u0131mc\u0131lar", "timestamp": "2013-02-03T18:24:10.537", "app": 8, "module": 12, "customicon": "", "active": true, "order": 1, "icon": 29}}, {"pk": 85, "model": "umatik.moduleselection", "fields": {"title": "Haberler", "timestamp": "2013-02-03T18:24:10.543", "app": 8, "module": 14, "customicon": "", "active": true, "order": 1, "icon": 31}}, {"pk": 86, "model": "umatik.moduleselection", "fields": {"title": "Delegeler", "timestamp": "2013-02-03T18:24:10.549", "app": 8, "module": 15, "customicon": "", "active": true, "order": 1, "icon": 32}}, {"pk": 87, "model": "umatik.moduleselection", "fields": {"title": "Konu\u015fmac\u0131lar", "timestamp": "2013-02-03T18:24:10.555", "app": 8, "module": 16, "customicon": "", "active": true, "order": 1, "icon": 33}}, {"pk": 88, "model": "umatik.moduleselection", "fields": {"title": "Geri Bildirim", "timestamp": "2013-02-03T18:24:10.561", "app": 8, "module": 20, "customicon": "", "active": true, "order": 1, "icon": 34}}, {"pk": 89, "model": "umatik.moduleselection", "fields": {"title": "Yerle\u015fim Plan\u0131", "timestamp": "2013-02-03T18:24:10.567", "app": 8, "module": 21, "customicon": "", "active": true, "order": 1, "icon": 35}}, {"pk": 90, "model": "umatik.moduleselection", "fields": {"title": "Ma\u011fazalar", "timestamp": "2013-02-09T15:45:32.279", "app": 9, "module": 2, "customicon": "", "active": true, "order": 1, "icon": 2}}, {"pk": 91, "model": "umatik.moduleselection", "fields": {"title": "S\u00fcper Sipari\u015f", "timestamp": "2013-02-09T15:45:32.287", "app": 9, "module": 3, "customicon": "", "active": true, "order": 1, "icon": 3}}, {"pk": 92, "model": "umatik.moduleselection", "fields": {"title": "\u00dcr\u00fcnler", "timestamp": "2013-02-09T15:45:32.293", "app": 9, "module": 4, "customicon": "", "active": true, "order": 1, "icon": 4}}, {"pk": 93, "model": "umatik.moduleselection", "fields": {"title": "Etkinlikler", "timestamp": "2013-02-09T15:45:32.300", "app": 9, "module": 6, "customicon": "", "active": true, "order": 1, "icon": 6}}, {"pk": 94, "model": "umatik.moduleselection", "fields": {"title": "Favoriler", "timestamp": "2013-02-09T15:45:32.306", "app": 9, "module": 7, "customicon": "", "active": true, "order": 1, "icon": 7}}, {"pk": 95, "model": "umatik.moduleselection", "fields": {"title": "Geri Bildirim", "timestamp": "2013-02-09T15:45:32.312", "app": 9, "module": 8, "customicon": "", "active": true, "order": 1, "icon": 8}}, {"pk": 96, "model": "umatik.moduleselection", "fields": {"title": "Park Asistan\u0131", "timestamp": "2013-02-09T15:45:32.318", "app": 9, "module": 9, "customicon": "", "active": true, "order": 1, "icon": 9}}, {"pk": 97, "model": "umatik.moduleselection", "fields": {"title": "Bilgi Merkezi", "timestamp": "2013-02-09T15:45:32.324", "app": 9, "module": 10, "customicon": "", "active": true, "order": 1, "icon": 10}}, {"pk": 98, "model": "umatik.moduleselection", "fields": {"title": "Galeri", "timestamp": "2013-02-09T15:45:32.330", "app": 9, "module": 11, "customicon": "", "active": true, "order": 1, "icon": 11}}, {"pk": 99, "model": "umatik.moduleselection", "fields": {"title": "Kampanyalar", "timestamp": "2013-02-09T15:45:32.336", "app": 9, "module": 13, "customicon": "", "active": true, "order": 1, "icon": 13}}, {"pk": 100, "model": "umatik.moduleselection", "fields": {"title": "Haberler", "timestamp": "2013-02-09T15:45:32.343", "app": 9, "module": 14, "customicon": "", "active": true, "order": 1, "icon": 14}}, {"pk": 101, "model": "umatik.moduleselection", "fields": {"title": "Yerle\u015fim Plan\u0131", "timestamp": "2013-02-09T15:45:32.349", "app": 9, "module": 21, "customicon": "", "active": true, "order": 1, "icon": 18}}, {"pk": 1, "model": "umatik.apptype", "fields": {"name": "MobilAktif", "timestamp": "2013-01-14T12:57:54.954", "modules": [6, 18, 21, 5, 20, 19, 17, 16, 15, 14, 12, 11, 10, 9, 7, 1], "iconb": "", "codename": "mobilaktif", "icon": "uploads/mobil_aktif.png"}}, {"pk": 2, "model": "umatik.apptype", "fields": {"name": "MobilAVM", "timestamp": "2013-01-14T12:58:18.881", "modules": [6, 21, 14, 13, 11, 10, 9, 8, 7, 4, 3, 2], "iconb": "", "codename": "mobilavm", "icon": "uploads/mobil_avm.png"}}, {"pk": 3, "model": "umatik.apptype", "fields": {"name": "MobilKafe", "timestamp": "2013-01-22T17:14:58.523", "modules": [6, 5, 9, 8, 4, 3, 1], "iconb": "", "codename": "MobilKafe", "icon": "uploads/mobil_kafe_2.png"}}, {"pk": 1, "model": "umatik.theme", "fields": {"name": "Siyah Simgeler", "timestamp": "2013-01-14T12:48:05.538", "jmt": "e", "active": true, "codename": "", "preview": "", "order": 1, "css": ""}}, {"pk": 2, "model": "umatik.theme", "fields": {"name": "Beyaz Simgeler", "timestamp": "2013-01-14T12:48:13.145", "jmt": "a", "active": true, "codename": "", "preview": "", "order": 1, "css": "ul.mainmenu li a {\r\ncolor: #fff;\r\n}\r\ndiv#mainheader div#headertitle{\r\ncolor: #fff;\r\n}"}}, {"pk": 1, "model": "umatik.icon", "fields": {"image": "uploads/sponsorlar.png", "primary": true, "module": 1, "active": true, "theme": 2, "keywords": "", "hdimage": ""}}, {"pk": 2, "model": "umatik.icon", "fields": {"image": "uploads/magazalar_1.png", "primary": true, "module": 2, "active": true, "theme": 2, "keywords": "", "hdimage": ""}}, {"pk": 3, "model": "umatik.icon", "fields": {"image": "uploads/yemek_soyle.png", "primary": true, "module": 3, "active": true, "theme": 2, "keywords": "", "hdimage": ""}}, {"pk": 4, "model": "umatik.icon", "fields": {"image": "uploads/urunler.png", "primary": true, "module": 4, "active": true, "theme": 2, "keywords": "", "hdimage": ""}}, {"pk": 5, "model": "umatik.icon", "fields": {"image": "uploads/navigasyon.png", "primary": true, "module": 5, "active": true, "theme": 2, "keywords": "", "hdimage": ""}}, {"pk": 6, "model": "umatik.icon", "fields": {"image": "uploads/etkinlik_takvimi.png", "primary": true, "module": 6, "active": true, "theme": 2, "keywords": "", "hdimage": ""}}, {"pk": 7, "model": "umatik.icon", "fields": {"image": "uploads/favoriler.png", "primary": true, "module": 7, "active": true, "theme": 2, "keywords": "", "hdimage": ""}}, {"pk": 8, "model": "umatik.icon", "fields": {"image": "uploads/geribildirim_2.png", "primary": true, "module": 8, "active": true, "theme": 2, "keywords": "", "hdimage": ""}}, {"pk": 9, "model": "umatik.icon", "fields": {"image": "uploads/arabam_nerede_1.png", "primary": true, "module": 9, "active": true, "theme": 2, "keywords": "", "hdimage": ""}}, {"pk": 10, "model": "umatik.icon", "fields": {"image": "uploads/bilgi_merkezi.png", "primary": true, "module": 10, "active": true, "theme": 2, "keywords": "", "hdimage": ""}}, {"pk": 11, "model": "umatik.icon", "fields": {"image": "uploads/galeri.png", "primary": true, "module": 11, "active": true, "theme": 2, "keywords": "", "hdimage": ""}}, {"pk": 12, "model": "umatik.icon", "fields": {"image": "uploads/katlmclar_2.png", "primary": true, "module": 12, "active": true, "theme": 2, "keywords": "", "hdimage": ""}}, {"pk": 13, "model": "umatik.icon", "fields": {"image": "uploads/kampanyalar.png", "primary": true, "module": 13, "active": true, "theme": 2, "keywords": "", "hdimage": ""}}, {"pk": 14, "model": "umatik.icon", "fields": {"image": "uploads/haberler.png", "primary": true, "module": 14, "active": true, "theme": 2, "keywords": "", "hdimage": ""}}, {"pk": 15, "model": "umatik.icon", "fields": {"image": "uploads/delegeler.png", "primary": true, "module": 15, "active": true, "theme": 2, "keywords": "", "hdimage": ""}}, {"pk": 16, "model": "umatik.icon", "fields": {"image": "uploads/konusmaci.png", "primary": true, "module": 16, "active": true, "theme": 2, "keywords": "", "hdimage": ""}}, {"pk": 17, "model": "umatik.icon", "fields": {"image": "uploads/geribildirim_4.png", "primary": true, "module": 20, "active": true, "theme": 2, "keywords": "", "hdimage": ""}}, {"pk": 18, "model": "umatik.icon", "fields": {"image": "uploads/navigasyon_1.png", "primary": true, "module": 21, "active": true, "theme": 2, "keywords": "", "hdimage": ""}}, {"pk": 19, "model": "umatik.icon", "fields": {"image": "uploads/sponsorlar_1.png", "primary": false, "module": 1, "active": true, "theme": 1, "keywords": "", "hdimage": ""}}, {"pk": 20, "model": "umatik.icon", "fields": {"image": "uploads/magazalar_2.png", "primary": false, "module": 2, "active": true, "theme": 1, "keywords": "", "hdimage": ""}}, {"pk": 21, "model": "umatik.icon", "fields": {"image": "uploads/yemek_soyle_1.png", "primary": false, "module": 3, "active": true, "theme": 1, "keywords": "", "hdimage": ""}}, {"pk": 22, "model": "umatik.icon", "fields": {"image": "uploads/urunler_1.png", "primary": false, "module": 4, "active": true, "theme": 1, "keywords": "", "hdimage": ""}}, {"pk": 23, "model": "umatik.icon", "fields": {"image": "uploads/navigasyon_2.png", "primary": false, "module": 5, "active": true, "theme": 1, "keywords": "", "hdimage": ""}}, {"pk": 24, "model": "umatik.icon", "fields": {"image": "uploads/etkinlik_takvimi_1.png", "primary": false, "module": 6, "active": true, "theme": 1, "keywords": "", "hdimage": ""}}, {"pk": 25, "model": "umatik.icon", "fields": {"image": "uploads/favoriler_1.png", "primary": false, "module": 7, "active": true, "theme": 1, "keywords": "", "hdimage": ""}}, {"pk": 26, "model": "umatik.icon", "fields": {"image": "uploads/arabam_nerede_2.png", "primary": false, "module": 9, "active": true, "theme": 1, "keywords": "", "hdimage": ""}}, {"pk": 27, "model": "umatik.icon", "fields": {"image": "uploads/bilgi_merkezi_1.png", "primary": false, "module": 10, "active": true, "theme": 1, "keywords": "", "hdimage": ""}}, {"pk": 28, "model": "umatik.icon", "fields": {"image": "uploads/galeri_1.png", "primary": false, "module": 11, "active": true, "theme": 1, "keywords": "", "hdimage": ""}}, {"pk": 29, "model": "umatik.icon", "fields": {"image": "uploads/katlmclar_3.png", "primary": false, "module": 12, "active": true, "theme": 1, "keywords": "", "hdimage": ""}}, {"pk": 30, "model": "umatik.icon", "fields": {"image": "uploads/kampanyalar_2.png", "primary": false, "module": 13, "active": true, "theme": 1, "keywords": "", "hdimage": ""}}, {"pk": 31, "model": "umatik.icon", "fields": {"image": "uploads/haberler_1.png", "primary": false, "module": 14, "active": true, "theme": 1, "keywords": "", "hdimage": ""}}, {"pk": 32, "model": "umatik.icon", "fields": {"image": "uploads/delegeler_1.png", "primary": false, "module": 15, "active": true, "theme": 1, "keywords": "", "hdimage": ""}}, {"pk": 33, "model": "umatik.icon", "fields": {"image": "uploads/konusmaci_1.png", "primary": false, "module": 16, "active": true, "theme": 1, "keywords": "", "hdimage": ""}}, {"pk": 34, "model": "umatik.icon", "fields": {"image": "uploads/navigasyon_3.png", "primary": false, "module": 20, "active": true, "theme": 1, "keywords": "", "hdimage": ""}}, {"pk": 35, "model": "umatik.icon", "fields": {"image": "uploads/navigasyon_4.png", "primary": false, "module": 21, "active": true, "theme": 1, "keywords": "", "hdimage": ""}}, {"pk": 3, "model": "umatik.application", "fields": {"name_short": "AVMDemo", "street": null, "background_color": "", "city": null, "background_image": "uploads/mobil_avm_bg.jpg", "lon": 0.0, "logo_small": "", "theme": 1, "type": 2, "fax": null, "timestamp": "2013-01-14T12:59:33.412", "company": "AVM", "phone": null, "avail_langs": "tr,", "address": null, "lat": 0.0, "icon": "uploads/mobil_avm_logo.png", "lang": "tr", "country": null, "header_type": "icon", "logo_big": "", "header_image": "", "name_long": "AVM"}}, {"pk": 4, "model": "umatik.application", "fields": {"name_short": "Tuyap Kitap Fuari", "street": null, "background_color": "", "city": null, "background_image": "uploads/retro-picture-frame-iphone-hd-wallpaper_2.jpg", "lon": 0.0, "logo_small": "uploads/1897.gif", "theme": 2, "type": 1, "fax": null, "timestamp": "2013-01-14T13:56:15.849", "company": "Tuyap", "phone": null, "avail_langs": "tr,", "address": null, "lat": 0.0, "icon": "uploads/mobil_aktif_logo.png", "lang": "tr", "country": null, "header_type": "banner", "logo_big": "", "header_image": "uploads/retro-header.jpg", "name_long": "Tuyap Kitap Fuari"}}, {"pk": 5, "model": "umatik.application", "fields": {"name_short": "Optimum", "street": null, "background_color": null, "city": null, "background_image": "", "lon": 0.0, "logo_small": "", "theme": 1, "type": 2, "fax": null, "timestamp": "2013-01-22T17:15:13.186", "company": null, "phone": null, "avail_langs": "tr,", "address": null, "lat": 0.0, "icon": "", "lang": "tr", "country": null, "header_type": "icon", "logo_big": "", "header_image": "", "name_long": null}}, {"pk": 7, "model": "umatik.application", "fields": {"name_short": "XFuari", "street": null, "background_color": null, "city": null, "background_image": "", "lon": 0.0, "logo_small": "", "theme": 1, "type": 1, "fax": null, "timestamp": "2013-02-01T11:24:18.420", "company": null, "phone": null, "avail_langs": "tr,", "address": null, "lat": 0.0, "icon": "", "lang": "tr", "country": null, "header_type": "icon", "logo_big": "", "header_image": "", "name_long": null}}, {"pk": 8, "model": "umatik.application", "fields": {"name_short": "te", "street": null, "background_color": null, "city": null, "background_image": "", "lon": 0.0, "logo_small": "", "theme": 1, "type": 1, "fax": null, "timestamp": "2013-02-03T18:24:10.480", "company": null, "phone": null, "avail_langs": "tr,", "address": null, "lat": 0.0, "icon": "", "lang": "tr", "country": null, "header_type": "icon", "logo_big": "", "header_image": "", "name_long": null}}, {"pk": 9, "model": "umatik.application", "fields": {"name_short": "PATLACATLA", "street": null, "background_color": null, "city": null, "background_image": "", "lon": 0.0, "logo_small": "", "theme": 2, "type": 2, "fax": null, "timestamp": "2013-02-09T15:45:32.265", "company": null, "phone": null, "avail_langs": "tr,", "address": null, "lat": 0.0, "icon": "", "lang": "tr", "country": null, "header_type": "icon", "logo_big": "", "header_image": "", "name_long": null}}, {"pk": 23, "model": "umatik.node", "fields": {"map": 1, "name": "Elipsis Yazm Elektronik Ltd", "app": 4, "y": 352, "x": 264, "type": 10}}, {"pk": 24, "model": "umatik.node", "fields": {"map": 1, "name": "Katilimci Firma 3", "app": 4, "y": 647, "x": 248, "type": 10}}, {"pk": 25, "model": "umatik.node", "fields": {"map": 1, "name": "Katilimci Firma 6", "app": 4, "y": 514, "x": 429, "type": 10}}, {"pk": 26, "model": "umatik.node", "fields": {"map": 1, "name": "Kat2", "app": 4, "y": 447, "x": 681, "type": 10}}, {"pk": 27, "model": "umatik.node", "fields": {"map": 1, "name": "Katilimci Firma 7", "app": 4, "y": 550, "x": 670, "type": 10}}, {"pk": 34, "model": "umatik.node", "fields": {"map": 1, "name": "1", "app": 4, "y": 590, "x": 871, "type": 30}}, {"pk": 35, "model": "umatik.node", "fields": {"map": 1, "name": "idefixx", "app": 4, "y": 366, "x": 1749, "type": 10}}, {"pk": 36, "model": "umatik.node", "fields": {"map": 1, "name": "34", "app": 4, "y": 512, "x": 1435, "type": 40}}, {"pk": 37, "model": "umatik.node", "fields": {"map": 1, "name": "xzc", "app": 4, "y": 511, "x": 1742, "type": 40}}, {"pk": 1, "model": "umatik.map", "fields": {"map": "uploads/fuar_yerlesim_plani.jpg", "app": 4, "order": 1, "name": "Hall 1", "offset": 100}}, {"pk": 2, "model": "umatik.map", "fields": {"map": "uploads/fuar_yerlesim_plani2.jpg", "app": 4, "order": 1, "name": "hall 2", "offset": 100}}, {"pk": 288, "model": "umatik.matrix", "fields": {"node1": 25, "distance": 224, "app": 4, "node2": 24}}, {"pk": 296, "model": "umatik.matrix", "fields": {"node1": 23, "distance": 295, "app": 4, "node2": 24}}, {"pk": 297, "model": "umatik.matrix", "fields": {"node1": 24, "distance": 295, "app": 4, "node2": 23}}, {"pk": 310, "model": "umatik.matrix", "fields": {"node1": 24, "distance": 224, "app": 4, "node2": 25}}, {"pk": 404, "model": "umatik.matrix", "fields": {"node1": 26, "distance": 260, "app": 4, "node2": 25}}, {"pk": 405, "model": "umatik.matrix", "fields": {"node1": 25, "distance": 260, "app": 4, "node2": 26}}, {"pk": 599, "model": "umatik.matrix", "fields": {"node1": 23, "distance": 231, "app": 4, "node2": 25}}, {"pk": 600, "model": "umatik.matrix", "fields": {"node1": 25, "distance": 231, "app": 4, "node2": 23}}, {"pk": 603, "model": "umatik.matrix", "fields": {"node1": 25, "distance": 243, "app": 4, "node2": 27}}, {"pk": 604, "model": "umatik.matrix", "fields": {"node1": 27, "distance": 243, "app": 4, "node2": 25}}, {"pk": 655, "model": "umatik.matrix", "fields": {"node1": 34, "distance": 237, "app": 4, "node2": 26}}, {"pk": 656, "model": "umatik.matrix", "fields": {"node1": 26, "distance": 237, "app": 4, "node2": 34}}, {"pk": 657, "model": "umatik.matrix", "fields": {"node1": 34, "distance": 204, "app": 4, "node2": 27}}, {"pk": 658, "model": "umatik.matrix", "fields": {"node1": 27, "distance": 204, "app": 4, "node2": 34}}, {"pk": 663, "model": "umatik.matrix", "fields": {"node1": 35, "distance": 145, "app": 4, "node2": 37}}, {"pk": 664, "model": "umatik.matrix", "fields": {"node1": 37, "distance": 145, "app": 4, "node2": 35}}, {"pk": 665, "model": "umatik.matrix", "fields": {"node1": 37, "distance": 307, "app": 4, "node2": 36}}, {"pk": 666, "model": "umatik.matrix", "fields": {"node1": 36, "distance": 307, "app": 4, "node2": 37}}, {"pk": 667, "model": "umatik.matrix", "fields": {"node1": 36, "distance": 569, "app": 4, "node2": 34}}, {"pk": 668, "model": "umatik.matrix", "fields": {"node1": 34, "distance": 569, "app": 4, "node2": 36}}, {"pk": 2, "model": "umatik.news", "fields": {"sort": 0, "title": "\u00dccretsiz Kitap Da\u011f\u0131t\u0131m\u0131", "timestamp": "2013-01-25T11:02:57.588", "app": 4, "detail": "Fuar\u0131m\u0131zda giri\u015f yapan her ziyaret\u00e7imize bir adet kitap hediye edilecektir.", "summary": "\u00dccretsiz kitap da\u011f\u0131t\u0131m etkinli\u011fi", "image": "uploads/unnamed.png"}}, {"pk": 1, "model": "umatik.page", "fields": {"sort": 0, "title": "Ula\u015f\u0131m", "timestamp": "2013-01-25T11:36:24.170", "app": 4, "detail": "Her zamanki yerinde.Bu sefer her saat ba\u015f\u0131 Taksim'den kalkan \u00f6zel otob\u00fcslerimizle hizmetinizde...", "summary": "Ula\u015f\u0131m Kolayl\u0131\u011f\u0131", "image": "uploads/kampanyalar_1.png"}}, {"pk": 1, "model": "umatik.version", "fields": {"current_version": "0.05", "app": 3, "pid": ""}}, {"pk": 2, "model": "umatik.version", "fields": {"current_version": "11.86", "app": 4, "pid": ""}}, {"pk": 1, "model": "umatik.customer", "fields": {"name": "asd", "mobile": "34", "timestamp": "2013-01-25T00:51:37.053", "app": 4, "address": "fsdfsdfs", "mail": "sdfq@fsd.com"}}, {"pk": 2, "model": "umatik.feedback", "fields": {"customer": 1, "archived": false, "forhost": true, "app": 4, "object_id": null, "date": "2013-01-25T00:56:27.636", "place": null, "notes": null, "content_type": null, "msg": "dasdasd", "type": 2, "called": false}}, {"pk": 1, "model": "umatik.speaker", "fields": {"profile": "Mozilla D\u00fcnya Kitap Vakf\u0131'n\u0131n ba\u015f m\u00fcd\u00fcr\u00fc ve en \u00fcnl\u00fc ki\u015fisi", "firstname": "Ali", "lastname": "\u00dcnl\u00fc", "app": 4, "pid": "8b3b19213fbc975c4788a4d11b1c4805", "photo": "uploads/b2.png", "position": "M\u00fcd\u00fcr", "company": "Mozilla"}}, {"pk": 3, "model": "umatik.speaker", "fields": {"profile": "Elipsis yaz\u0131l\u0131m kurucu ortaklar\u0131ndan Evren Esat \u00d6zkan uzun s\u00fcredir linux ile i\u00e7i\u00e7e bir ya\u015fam s\u00fcrmektedir.", "firstname": "Evren Esat", "lastname": "\u00d6zkan", "app": 4, "pid": "e555cb73bab8f9ca899d4a653d02ff51", "photo": "uploads/tux2.png", "position": "", "company": "Elipsis Yaz\u0131l\u0131m"}}, {"pk": 2, "model": "umatik.delegate", "fields": {"profile": "\u0130zmir 1979 do\u011fumludur", "firstname": "Evren Esat", "lastname": "Ozkan", "app": 4, "pid": "3fbe7a41261f3b52034d6a43ee0a324e", "photo": "uploads/b6_2.png", "position": "CTO", "company": "Elipsis Ltd."}}, {"pk": 3, "model": "umatik.delegate", "fields": {"profile": "\u0130zmir 1980 do\u011fumludur.", "firstname": "Munevver", "lastname": "Yegul Ozkan", "app": 4, "pid": "4417321e9889888534afc92160821c77", "photo": "uploads/g6.png", "position": "CEO", "company": "\u00d6zkanlar Minited"}}, {"pk": 2, "model": "umatik.photo", "fields": {"sort": 0, "photo": "uploads/006_1.jpg", "app": 4, "title": "Test Resim 1"}}, {"pk": 3, "model": "umatik.photo", "fields": {"sort": 0, "photo": "uploads/014.jpg", "app": 4, "title": "Test Resim 2"}}, {"pk": 4, "model": "umatik.photo", "fields": {"sort": 0, "photo": "uploads/016.jpg", "app": 4, "title": "Test Resim 3"}}, {"pk": 5, "model": "umatik.photo", "fields": {"sort": 0, "photo": "uploads/018.jpg", "app": 4, "title": "Test Resim 4"}}, {"pk": 6, "model": "umatik.photo", "fields": {"sort": 0, "photo": "uploads/002.jpg", "app": 4, "title": "Test Resim 5"}}, {"pk": 1, "model": "umatik.exhibitor", "fields": {"profile": "Elipsis Yaz\u0131l\u0131m Ekim 2011 tarihinde piyasa deneyimi y\u00fcksek iki ortak taraf\u0131ndan tamamen yerli sermayeli bir \u015firket olarak kurulmu\u015ftur. Kuruldu\u011fu andan itibaren \u00fcretmeye ba\u015flam\u0131\u015f olan ekibimiz \u0130zmir Kar\u015f\u0131yaka' daki ofisimizde \u00e7al\u0131\u015fmalar\u0131n\u0131 s\u00fcrd\u00fcrmektedir.\r\n ", "node": 23, "app": 4, "pid": "8b3b19213fbc975c4788a4d11b1c4805", "email": "bilgi@elipsis.com.tr", "phone": "2323234430", "logo": "uploads/logo.png", "company": "Elipsis Yaz\u0131l\u0131m Elektronik Ltd. \u015eti."}}, {"pk": 2, "model": "umatik.exhibitor", "fields": {"profile": "\u0130lk\u00f6\u011fretimle ba\u015flayan ba\u015far\u0131 yolculu\u011funda, 20 y\u0131ll\u0131k deneyimimizle kurdu\u011fumuz Kilit Yay\u0131nlar\u0131 olarak farkl\u0131 kaynaklarla yan\u0131n\u0131zday\u0131z.\r\n\r\n\u0130lk\u00f6\u011fretimin her seviyesinde T\u00fcrk\u00e7e, Matematik, Hayat Bilgisi, Fen ve Teknoloji, Sosyal Bilgiler ve \u0130ngilizce dersleriyle ilgili farkl\u0131 kaynaklar\u0131m\u0131z\u0131 heyecan ve zevkle sizlere sunmaktay\u0131z.\r\n\r\nKaynaklar\u0131m\u0131zdaki farkl\u0131 tiptaki sorular, bran\u015f \u00f6\u011fretmenleri taraf\u0131ndan haz\u0131rlanmakta ve \u00fcst kurul taraf\u0131ndan denetlenmektedir. Kaynaklar\u0131m\u0131zdaki soru, etkinlik ve uygulamalarla okuma, anlama, problem \u00e7\u00f6zme, kar\u015f\u0131la\u015ft\u0131rmalar yapma, ili\u015fki kurma, ele\u015ftirel d\u00fc\u015f\u00fcnme gibi farkl\u0131 becerilerini geli\u015ftirilmesi ama\u00e7lanm\u0131\u015ft\u0131r. T\u00fcm yay\u0131nlar\u0131m\u0131zda MEB \u00d6\u011fretim Programlar\u0131 ve TDK yaz\u0131m kurallar\u0131 esas al\u0131nm\u0131\u015ft\u0131r.", "node": 26, "app": 4, "pid": "5b0361347bd94f66a6614edfef3180bf", "email": "", "phone": "212 567 09 69", "logo": "uploads/timthumb.jpg", "company": "K\u0130L\u0130T YAYINCILIK"}}, {"pk": 3, "model": "umatik.exhibitor", "fields": {"profile": "\u0130leti\u015fim Yay\u0131nlar\u0131\u2019n\u0131n kurulu\u015fu, 12 Eyl\u00fcl 1980 asker\u00ee darbesi ile olu\u015fan rejimin son demlerinde ger\u00e7ekle\u015fti. Se\u00e7imler yakla\u015f\u0131yordu. Y\u00f6netim, eskileri kapat\u0131l\u0131p yenileri kurulmu\u015f bulunan partilerden icazetli olanlar\u0131 vas\u0131tas\u0131yla, \u201csivillere\u201d devredilecekti. Yay\u0131nevi\u2019ni kurmaya giri\u015fenler, bu \u201csiville\u015fme\u201d ve \u201cdemokratikle\u015fme\u201d \u015feklinin pek derde deva olmad\u0131\u011f\u0131n\u0131 d\u00fc\u015f\u00fcnenlerdendi. Asker\u00ee y\u00f6netimin, siyaseti topluma \u00e7ok g\u00f6ren, bu \u00fclke halk\u0131n\u0131 re\u015fit saymayan tavr\u0131n\u0131n ve bu tavr\u0131n me\u015fruiyet kazanabilmesinin, derin ve ciddi bir sorunu i\u015faret etti\u011fi fikrindeydiler. Kurumla\u015fm\u0131\u015f, zihniyet yap\u0131lar\u0131na kaz\u0131nm\u0131\u015f bir sorundu bu. Ki zaten \u0130leti\u015fim Yay\u0131nlar\u0131 projesini ba\u015flatanlar, 12 Eyl\u00fcl 1980 \u00f6ncesinde de \u201cT\u00fcrkiye\u2019nin d\u00fczeni\u201d ile sorunu olmu\u015f, radikal bir toplumsal d\u00f6n\u00fc\u015f\u00fcm i\u00e7in, \u00f6zg\u00fcrl\u00fck\u00e7\u00fc bir sosyalizm aray\u0131\u015f\u0131 i\u00e7in bulunduklar\u0131 ortamlarda faaliyet g\u00f6stermi\u015f, kafa yormu\u015f, yaz\u0131 yazm\u0131\u015f, yay\u0131nc\u0131l\u0131k yapm\u0131\u015f insanlard\u0131.", "node": 24, "app": 4, "pid": "e555cb73bab8f9ca899d4a653d02ff51", "email": "info@iletisim.com.tr", "phone": "212 5161258", "logo": "uploads/iletisim-yayinlari-ndan-yeni-bir-seri_142509.jpg", "company": "\u0130LET\u0130\u015e\u0130M YAYINLARI"}}, {"pk": 4, "model": "umatik.exhibitor", "fields": {"profile": "T\u00fcrkiye\u2019nin kitap, m\u00fczik, DVD alan\u0131nda pop\u00fcler e-ticaret \u015firketlerinden idefix...", "node": 35, "app": 4, "pid": "353ae0189f2fcee0f7edb6773477fe31", "email": "info@idefix.com", "phone": "850 288 80 08", "logo": "uploads/photo.jpg", "company": "\u0130DEF\u0130X=L"}}, {"pk": 5, "model": "umatik.exhibitor", "fields": {"profile": "B\u00fcnyesinde Everest, Alfa, Artemis ve Kap\u0131 Yay\u0131nlar\u0131'n\u0131 bir araya getiren; \u00f6te yandan T\u00fcrkiye'nin en b\u00fcy\u00fck da\u011f\u0131t\u0131m firmalar\u0131ndan birini de i\u00e7inde bar\u0131nd\u0131ran Alfa Yay\u0131n Grubu", "node": 25, "app": 4, "pid": "936c5e852113c01ee1dd0e459f1f0fc9", "email": "info@alfakitap.com", "phone": "212 511 53 03", "logo": "uploads/alfa_logo.jpg", "company": "ALFA YAYINLARI "}}, {"pk": 6, "model": "umatik.exhibitor", "fields": {"profile": "1980\u2019den g\u00fcn\u00fcm\u00fcze sekt\u00f6r\u00fcn \u00f6nc\u00fcs\u00fc ve dinami\u011fi olarak devam eden Acar Group\u2019un faaliyetleri bas\u0131m sekt\u00f6r\u00fc ile ba\u015flay\u0131p, promosyon, k\u0131rtasiye, gayrimenkul ve elektronik alanlar\u0131na yay\u0131ld\u0131. 2010 y\u0131l\u0131 itibariyle Acar Group, \u015fu be\u015f ana alanda faaliyet g\u00f6stermektedir:\r\n\r\nBas\u0131m sanayi, \r\nPromosyon \u00fcr\u00fcnleri, \r\nK\u0131rtasiye \u00fcr\u00fcnleri, \r\nGayrimenkul, \r\nElektronik \u00fcr\u00fcnler, \r\nYay\u0131nc\u0131l\u0131k ", "node": 27, "app": 4, "pid": "c5d5a12efca0f445f919d55c042306f6", "email": "info@acar-store.com", "phone": "(212) 422 18 34", "logo": "uploads/a104.jpg", "company": "ABM YAYINEV\u0130"}}, {"pk": 4, "model": "umatik.exhibitorfiles", "fields": {"timestamp": "2013-02-01T06:09:43.749", "app": 4, "exhibitor": 1, "file": "uploads/Zypper-cheat-sheet-1.pdf", "title": "Zypper Product Manual"}}, {"pk": 5, "model": "umatik.exhibitorfiles", "fields": {"timestamp": "2013-02-01T06:10:55.645", "app": 4, "exhibitor": 1, "file": "uploads/DPGk5.jpg", "title": "Dalay Lama'dan \u00d6\u011f\u00fctler"}}, {"pk": 4, "model": "umatik.event", "fields": {"node": null, "speakers": [1], "end": "13:00:00", "description": "Moderator: M\u00e1tis Viktor\r\nKonu\u015fmac\u0131lar/Speakers: Tibor F. T\u00f3th, J\u00e1nos H\u00f3v\u00e1ri (Macaristan B\u00fcy\u00fckel\u00e7isi), Andr\u00e1s S\u00e1ndor Kocsis (Macar Yay\u0131nc\u0131lar Birli\u011fi Ba\u015fkan\u0131),  Erdal Sal\u0131ko\u011flu (\u0130stanbul Macar K\u00fclt\u00fcr ve Dostluk Derne\u011fi Ba\u015fkan\u0131) \r\nD\u00fczenleyen/By: Macaristan B\u00fcy\u00fckel\u00e7ili\u011fi - Hungary", "title": "S\u00f6yle\u015fi :  G\u00fcncel Ara\u015ft\u0131rma ", "app": 4, "pid": "069e51aa2f9299fc8675ed3365b4984d", "start": "12:00:00", "location": "", "date": "2013-02-01", "image": ""}}, {"pk": 6, "model": "umatik.event", "fields": {"node": null, "speakers": [3], "end": "17:00:00", "description": "Linux \u00fczerinde dijital yay\u0131nc\u0131l\u0131\u011f\u0131n geldi\u011fi nokta \u00fczerine s\u0131cak bir sohbet...", "title": "Linux Ve Dijital Yay\u0131nc\u0131l\u0131k", "app": 4, "pid": "73879bf2fc08f676fb11b234c01534aa", "start": "16:00:00", "location": "", "date": "2013-02-01", "image": "uploads/linux_logo.jpg"}}, {"pk": 2, "model": "umatik.sponsortype", "fields": {"sort": 2, "timestamp": "2013-01-24T16:09:05.834", "app": 4, "title": "G\u00fcm\u00fc\u015f"}}, {"pk": 3, "model": "umatik.sponsortype", "fields": {"sort": 4, "timestamp": "2013-01-24T16:47:58.620", "app": 4, "title": "Alt\u0131n"}}, {"pk": 4, "model": "umatik.sponsortype", "fields": {"sort": 0, "timestamp": "2013-01-24T23:42:03.751", "app": 4, "title": "Devlet Kurumu"}}, {"pk": 5, "model": "umatik.sponsortype", "fields": {"sort": 0, "timestamp": "2013-01-24T23:43:12.488", "app": 4, "title": "Ba\u011f\u0131\u015f\u00e7\u0131"}}, {"pk": 1, "model": "umatik.sponsor", "fields": {"profile": "Elipsis Yaz\u0131l\u0131m Ekim 2011 tarihinde piyasa deneyimi y\u00fcksek iki ortak taraf\u0131ndan tamamen yerli sermayeli bir \u015firket olarak kurulmu\u015ftur. Kuruldu\u011fu andan itibaren \u00fcretmeye ba\u015flam\u0131\u015f olan ekibimiz \u0130zmir Kar\u015f\u0131yaka' daki ofisimizde \u00e7al\u0131\u015fmalar\u0131n\u0131 s\u00fcrd\u00fcrmektedir.\r\n ", "app": 4, "email": "bilgi@elipsis.com.tr", "phone": "2323234430", "logo": "uploads/admin_logo_3.png", "type": 2, "company": "Elipsis Yaz\u0131l\u0131m Elektronik Ltd. \u015eti."}}, {"pk": 3, "model": "umatik.sponsor", "fields": {"profile": "Profil bilgisi", "app": 4, "email": "", "phone": "03123445533", "logo": "", "type": 4, "company": "Sanayi Bakanl\u0131\u011f\u0131"}}, {"pk": 1, "model": "south.migrationhistory", "fields": {"applied": "2013-01-28T10:57:36.222", "app_name": "easy_thumbnails", "migration": "0001_initial"}}, {"pk": 2, "model": "south.migrationhistory", "fields": {"applied": "2013-01-28T10:57:36.233", "app_name": "easy_thumbnails", "migration": "0002_filename_indexes"}}, {"pk": 3, "model": "south.migrationhistory", "fields": {"applied": "2013-01-28T10:57:36.247", "app_name": "easy_thumbnails", "migration": "0003_auto__add_storagenew"}}, {"pk": 4, "model": "south.migrationhistory", "fields": {"applied": "2013-01-28T10:57:36.272", "app_name": "easy_thumbnails", "migration": "0004_auto__add_field_source_storage_new__add_field_thumbnail_storage_new"}}, {"pk": 5, "model": "south.migrationhistory", "fields": {"applied": "2013-01-28T10:57:36.342", "app_name": "easy_thumbnails", "migration": "0005_storage_fks_null"}}, {"pk": 6, "model": "south.migrationhistory", "fields": {"applied": "2013-01-28T10:57:36.351", "app_name": "easy_thumbnails", "migration": "0006_copy_storage"}}, {"pk": 7, "model": "south.migrationhistory", "fields": {"applied": "2013-01-28T10:57:36.415", "app_name": "easy_thumbnails", "migration": "0007_storagenew_fks_not_null"}}, {"pk": 8, "model": "south.migrationhistory", "fields": {"applied": "2013-01-28T10:57:36.428", "app_name": "easy_thumbnails", "migration": "0008_auto__del_field_source_storage__del_field_thumbnail_storage"}}, {"pk": 9, "model": "south.migrationhistory", "fields": {"applied": "2013-01-28T10:57:36.438", "app_name": "easy_thumbnails", "migration": "0009_auto__del_storage"}}, {"pk": 10, "model": "south.migrationhistory", "fields": {"applied": "2013-01-28T10:57:36.449", "app_name": "easy_thumbnails", "migration": "0010_rename_storage"}}, {"pk": 11, "model": "south.migrationhistory", "fields": {"applied": "2013-01-28T10:57:36.474", "app_name": "easy_thumbnails", "migration": "0011_auto__add_field_source_storage_hash__add_field_thumbnail_storage_hash"}}, {"pk": 12, "model": "south.migrationhistory", "fields": {"applied": "2013-01-28T10:57:36.482", "app_name": "easy_thumbnails", "migration": "0012_build_storage_hashes"}}, {"pk": 13, "model": "south.migrationhistory", "fields": {"applied": "2013-01-28T10:57:36.496", "app_name": "easy_thumbnails", "migration": "0013_auto__del_storage__del_field_source_storage__del_field_thumbnail_stora"}}, {"pk": 14, "model": "south.migrationhistory", "fields": {"applied": "2013-01-28T10:57:36.977", "app_name": "umatik", "migration": "0001_initial"}}, {"pk": 15, "model": "south.migrationhistory", "fields": {"applied": "2013-01-28T10:57:37.090", "app_name": "umatik", "migration": "0002_auto__add_field_icon_primary__chg_field_icon_hdimage__add_unique_icon_"}}, {"pk": 16, "model": "south.migrationhistory", "fields": {"applied": "2013-01-28T10:57:37.179", "app_name": "umatik", "migration": "0003_auto__chg_field_icon_keywords"}}, {"pk": 17, "model": "south.migrationhistory", "fields": {"applied": "2013-01-28T10:57:37.284", "app_name": "umatik", "migration": "0004_auto__del_field_profile_app__del_field_profile_place__add_field_profil"}}, {"pk": 18, "model": "south.migrationhistory", "fields": {"applied": "2013-01-28T10:57:37.423", "app_name": "umatik", "migration": "0005_auto__add_news__chg_field_event_end__chg_field_event_start__chg_field_"}}, {"pk": 19, "model": "south.migrationhistory", "fields": {"applied": "2013-01-28T10:57:37.538", "app_name": "umatik", "migration": "0006_auto__chg_field_speaker_profile__chg_field_speaker_position__chg_field"}}, {"pk": 20, "model": "south.migrationhistory", "fields": {"applied": "2013-01-28T10:57:37.628", "app_name": "umatik", "migration": "0007_auto__chg_field_event_location"}}, {"pk": 21, "model": "south.migrationhistory", "fields": {"applied": "2013-01-28T10:57:37.696", "app_name": "umatik", "migration": "0008_auto__del_field_campaign_momentary_campaign"}}, {"pk": 22, "model": "south.migrationhistory", "fields": {"applied": "2013-01-28T10:57:37.780", "app_name": "umatik", "migration": "0009_auto__chg_field_exhibitor_company"}}, {"pk": 23, "model": "south.migrationhistory", "fields": {"applied": "2013-01-28T10:57:37.886", "app_name": "umatik", "migration": "0010_auto__add_exhibitorfiles__chg_field_exhibitor_phone"}}, {"pk": 24, "model": "south.migrationhistory", "fields": {"applied": "2013-01-28T10:57:37.976", "app_name": "umatik", "migration": "0011_auto__add_sponsor__add_sponsortype"}}, {"pk": 25, "model": "south.migrationhistory", "fields": {"applied": "2013-01-28T10:57:38.056", "app_name": "umatik", "migration": "0012_auto__add_field_sponsortype_app"}}, {"pk": 26, "model": "south.migrationhistory", "fields": {"applied": "2013-01-28T10:57:38.174", "app_name": "umatik", "migration": "0013_auto__add_field_sponsortype_sort"}}, {"pk": 27, "model": "south.migrationhistory", "fields": {"applied": "2013-01-28T10:57:38.287", "app_name": "umatik", "migration": "0014_auto__chg_field_event_node__del_unique_event_node__del_field_sponsor_n"}}, {"pk": 28, "model": "south.migrationhistory", "fields": {"applied": "2013-01-28T10:57:38.368", "app_name": "umatik", "migration": "0015_auto__del_news"}}, {"pk": 29, "model": "south.migrationhistory", "fields": {"applied": "2013-01-28T10:57:38.445", "app_name": "umatik", "migration": "0016_auto__add_news"}}, {"pk": 30, "model": "south.migrationhistory", "fields": {"applied": "2013-01-28T10:57:38.525", "app_name": "umatik", "migration": "0017_auto__add_field_news_summary"}}, {"pk": 31, "model": "south.migrationhistory", "fields": {"applied": "2013-01-28T10:57:38.607", "app_name": "umatik", "migration": "0018_auto__del_page__add_field_news_sort"}}, {"pk": 32, "model": "south.migrationhistory", "fields": {"applied": "2013-01-28T10:57:38.691", "app_name": "umatik", "migration": "0019_auto__add_page"}}, {"pk": 33, "model": "south.migrationhistory", "fields": {"applied": "2013-01-28T10:57:38.771", "app_name": "umatik", "migration": "0020_auto__add_photo"}}, {"pk": 34, "model": "south.migrationhistory", "fields": {"applied": "2013-01-28T10:57:38.854", "app_name": "umatik", "migration": "0021_auto__add_field_node_map"}}, {"pk": 35, "model": "south.migrationhistory", "fields": {"applied": "2013-01-28T10:57:38.946", "app_name": "umatik", "migration": "0022_auto__chg_field_photo_photo"}}, {"pk": 36, "model": "south.migrationhistory", "fields": {"applied": "2013-01-31T13:27:51.858", "app_name": "umatik", "migration": "0023_auto__add_field_apptype_icon__add_field_apptype_iconb"}}, {"pk": 37, "model": "south.migrationhistory", "fields": {"applied": "2013-02-01T02:47:39.635", "app_name": "umatik", "migration": "0024_auto__add_field_theme_jmt"}}, {"pk": 38, "model": "south.migrationhistory", "fields": {"applied": "2013-02-09T15:27:14.727", "app_name": "umatik", "migration": "0025_auto__add_field_map_offset"}}, {"pk": 1, "model": "auth.permission", "fields": {"codename": "add_permission", "name": "Can add permission", "content_type": 1}}, {"pk": 2, "model": "auth.permission", "fields": {"codename": "change_permission", "name": "Can change permission", "content_type": 1}}, {"pk": 3, "model": "auth.permission", "fields": {"codename": "delete_permission", "name": "Can delete permission", "content_type": 1}}, {"pk": 4, "model": "auth.permission", "fields": {"codename": "add_group", "name": "Can add group", "content_type": 2}}, {"pk": 5, "model": "auth.permission", "fields": {"codename": "change_group", "name": "Can change group", "content_type": 2}}, {"pk": 6, "model": "auth.permission", "fields": {"codename": "delete_group", "name": "Can delete group", "content_type": 2}}, {"pk": 7, "model": "auth.permission", "fields": {"codename": "add_user", "name": "Can add user", "content_type": 3}}, {"pk": 8, "model": "auth.permission", "fields": {"codename": "change_user", "name": "Can change user", "content_type": 3}}, {"pk": 9, "model": "auth.permission", "fields": {"codename": "delete_user", "name": "Can delete user", "content_type": 3}}, {"pk": 10, "model": "auth.permission", "fields": {"codename": "add_contenttype", "name": "Can add content type", "content_type": 4}}, {"pk": 11, "model": "auth.permission", "fields": {"codename": "change_contenttype", "name": "Can change content type", "content_type": 4}}, {"pk": 12, "model": "auth.permission", "fields": {"codename": "delete_contenttype", "name": "Can delete content type", "content_type": 4}}, {"pk": 13, "model": "auth.permission", "fields": {"codename": "add_session", "name": "Can add session", "content_type": 5}}, {"pk": 14, "model": "auth.permission", "fields": {"codename": "change_session", "name": "Can change session", "content_type": 5}}, {"pk": 15, "model": "auth.permission", "fields": {"codename": "delete_session", "name": "Can delete session", "content_type": 5}}, {"pk": 16, "model": "auth.permission", "fields": {"codename": "add_site", "name": "Can add site", "content_type": 6}}, {"pk": 17, "model": "auth.permission", "fields": {"codename": "change_site", "name": "Can change site", "content_type": 6}}, {"pk": 18, "model": "auth.permission", "fields": {"codename": "delete_site", "name": "Can delete site", "content_type": 6}}, {"pk": 19, "model": "auth.permission", "fields": {"codename": "add_logentry", "name": "Can add log entry", "content_type": 7}}, {"pk": 20, "model": "auth.permission", "fields": {"codename": "change_logentry", "name": "Can change log entry", "content_type": 7}}, {"pk": 21, "model": "auth.permission", "fields": {"codename": "delete_logentry", "name": "Can delete log entry", "content_type": 7}}, {"pk": 22, "model": "auth.permission", "fields": {"codename": "add_migrationhistory", "name": "Can add migration history", "content_type": 8}}, {"pk": 23, "model": "auth.permission", "fields": {"codename": "change_migrationhistory", "name": "Can change migration history", "content_type": 8}}, {"pk": 24, "model": "auth.permission", "fields": {"codename": "delete_migrationhistory", "name": "Can delete migration history", "content_type": 8}}, {"pk": 25, "model": "auth.permission", "fields": {"codename": "add_block", "name": "Can add Content Block", "content_type": 9}}, {"pk": 26, "model": "auth.permission", "fields": {"codename": "change_block", "name": "Can change Content Block", "content_type": 9}}, {"pk": 27, "model": "auth.permission", "fields": {"codename": "delete_block", "name": "Can delete Content Block", "content_type": 9}}, {"pk": 28, "model": "auth.permission", "fields": {"codename": "add_blocktranslation", "name": "Can add Block Translation", "content_type": 10}}, {"pk": 29, "model": "auth.permission", "fields": {"codename": "change_blocktranslation", "name": "Can change Block Translation", "content_type": 10}}, {"pk": 30, "model": "auth.permission", "fields": {"codename": "delete_blocktranslation", "name": "Can delete Block Translation", "content_type": 10}}, {"pk": 31, "model": "auth.permission", "fields": {"codename": "add_source", "name": "Can add source", "content_type": 11}}, {"pk": 32, "model": "auth.permission", "fields": {"codename": "change_source", "name": "Can change source", "content_type": 11}}, {"pk": 33, "model": "auth.permission", "fields": {"codename": "delete_source", "name": "Can delete source", "content_type": 11}}, {"pk": 34, "model": "auth.permission", "fields": {"codename": "add_thumbnail", "name": "Can add thumbnail", "content_type": 12}}, {"pk": 35, "model": "auth.permission", "fields": {"codename": "change_thumbnail", "name": "Can change thumbnail", "content_type": 12}}, {"pk": 36, "model": "auth.permission", "fields": {"codename": "delete_thumbnail", "name": "Can delete thumbnail", "content_type": 12}}, {"pk": 37, "model": "auth.permission", "fields": {"codename": "add_module", "name": "Can add module", "content_type": 13}}, {"pk": 38, "model": "auth.permission", "fields": {"codename": "change_module", "name": "Can change module", "content_type": 13}}, {"pk": 39, "model": "auth.permission", "fields": {"codename": "delete_module", "name": "Can delete module", "content_type": 13}}, {"pk": 40, "model": "auth.permission", "fields": {"codename": "add_moduleselection", "name": "Can add module selection", "content_type": 14}}, {"pk": 41, "model": "auth.permission", "fields": {"codename": "change_moduleselection", "name": "Can change module selection", "content_type": 14}}, {"pk": 42, "model": "auth.permission", "fields": {"codename": "delete_moduleselection", "name": "Can delete module selection", "content_type": 14}}, {"pk": 43, "model": "auth.permission", "fields": {"codename": "add_apptype", "name": "Can add app type", "content_type": 15}}, {"pk": 44, "model": "auth.permission", "fields": {"codename": "change_apptype", "name": "Can change app type", "content_type": 15}}, {"pk": 45, "model": "auth.permission", "fields": {"codename": "delete_apptype", "name": "Can delete app type", "content_type": 15}}, {"pk": 46, "model": "auth.permission", "fields": {"codename": "add_theme", "name": "Can add theme", "content_type": 16}}, {"pk": 47, "model": "auth.permission", "fields": {"codename": "change_theme", "name": "Can change theme", "content_type": 16}}, {"pk": 48, "model": "auth.permission", "fields": {"codename": "delete_theme", "name": "Can delete theme", "content_type": 16}}, {"pk": 49, "model": "auth.permission", "fields": {"codename": "add_icon", "name": "Can add icon", "content_type": 17}}, {"pk": 50, "model": "auth.permission", "fields": {"codename": "change_icon", "name": "Can change icon", "content_type": 17}}, {"pk": 51, "model": "auth.permission", "fields": {"codename": "delete_icon", "name": "Can delete icon", "content_type": 17}}, {"pk": 52, "model": "auth.permission", "fields": {"codename": "add_application", "name": "Can add application", "content_type": 18}}, {"pk": 53, "model": "auth.permission", "fields": {"codename": "change_application", "name": "Can change application", "content_type": 18}}, {"pk": 54, "model": "auth.permission", "fields": {"codename": "delete_application", "name": "Can delete application", "content_type": 18}}, {"pk": 55, "model": "auth.permission", "fields": {"codename": "add_block", "name": "Can add \u0130\u00e7erik blo\u011fu", "content_type": 19}}, {"pk": 56, "model": "auth.permission", "fields": {"codename": "change_block", "name": "Can change \u0130\u00e7erik blo\u011fu", "content_type": 19}}, {"pk": 57, "model": "auth.permission", "fields": {"codename": "delete_block", "name": "Can delete \u0130\u00e7erik blo\u011fu", "content_type": 19}}, {"pk": 58, "model": "auth.permission", "fields": {"codename": "add_blocktranslation", "name": "Can add Blok \u00e7evirisi", "content_type": 20}}, {"pk": 59, "model": "auth.permission", "fields": {"codename": "change_blocktranslation", "name": "Can change Blok \u00e7evirisi", "content_type": 20}}, {"pk": 60, "model": "auth.permission", "fields": {"codename": "delete_blocktranslation", "name": "Can delete Blok \u00e7evirisi", "content_type": 20}}, {"pk": 61, "model": "auth.permission", "fields": {"codename": "add_productcategory", "name": "Can add Category", "content_type": 21}}, {"pk": 62, "model": "auth.permission", "fields": {"codename": "change_productcategory", "name": "Can change Category", "content_type": 21}}, {"pk": 63, "model": "auth.permission", "fields": {"codename": "delete_productcategory", "name": "Can delete Category", "content_type": 21}}, {"pk": 64, "model": "auth.permission", "fields": {"codename": "add_storeproductcategory", "name": "Can add Store category", "content_type": 22}}, {"pk": 65, "model": "auth.permission", "fields": {"codename": "change_storeproductcategory", "name": "Can change Store category", "content_type": 22}}, {"pk": 66, "model": "auth.permission", "fields": {"codename": "delete_storeproductcategory", "name": "Can delete Store category", "content_type": 22}}, {"pk": 67, "model": "auth.permission", "fields": {"codename": "add_place", "name": "Can add Place", "content_type": 23}}, {"pk": 68, "model": "auth.permission", "fields": {"codename": "change_place", "name": "Can change Place", "content_type": 23}}, {"pk": 69, "model": "auth.permission", "fields": {"codename": "delete_place", "name": "Can delete Place", "content_type": 23}}, {"pk": 70, "model": "auth.permission", "fields": {"codename": "add_node", "name": "Can add node", "content_type": 24}}, {"pk": 71, "model": "auth.permission", "fields": {"codename": "change_node", "name": "Can change node", "content_type": 24}}, {"pk": 72, "model": "auth.permission", "fields": {"codename": "delete_node", "name": "Can delete node", "content_type": 24}}, {"pk": 73, "model": "auth.permission", "fields": {"codename": "add_map", "name": "Can add map", "content_type": 25}}, {"pk": 74, "model": "auth.permission", "fields": {"codename": "change_map", "name": "Can change map", "content_type": 25}}, {"pk": 75, "model": "auth.permission", "fields": {"codename": "delete_map", "name": "Can delete map", "content_type": 25}}, {"pk": 76, "model": "auth.permission", "fields": {"codename": "add_matrix", "name": "Can add matrix", "content_type": 26}}, {"pk": 77, "model": "auth.permission", "fields": {"codename": "change_matrix", "name": "Can change matrix", "content_type": 26}}, {"pk": 78, "model": "auth.permission", "fields": {"codename": "delete_matrix", "name": "Can delete matrix", "content_type": 26}}, {"pk": 79, "model": "auth.permission", "fields": {"codename": "add_profile", "name": "Can add profile", "content_type": 27}}, {"pk": 80, "model": "auth.permission", "fields": {"codename": "change_profile", "name": "Can change profile", "content_type": 27}}, {"pk": 81, "model": "auth.permission", "fields": {"codename": "delete_profile", "name": "Can delete profile", "content_type": 27}}, {"pk": 82, "model": "auth.permission", "fields": {"codename": "add_product", "name": "Can add Product", "content_type": 28}}, {"pk": 83, "model": "auth.permission", "fields": {"codename": "change_product", "name": "Can change Product", "content_type": 28}}, {"pk": 84, "model": "auth.permission", "fields": {"codename": "delete_product", "name": "Can delete Product", "content_type": 28}}, {"pk": 85, "model": "auth.permission", "fields": {"codename": "add_campaign", "name": "Can add Campaign", "content_type": 29}}, {"pk": 86, "model": "auth.permission", "fields": {"codename": "change_campaign", "name": "Can change Campaign", "content_type": 29}}, {"pk": 87, "model": "auth.permission", "fields": {"codename": "delete_campaign", "name": "Can delete Campaign", "content_type": 29}}, {"pk": 88, "model": "auth.permission", "fields": {"codename": "add_news", "name": "Can add News Entry", "content_type": 30}}, {"pk": 89, "model": "auth.permission", "fields": {"codename": "change_news", "name": "Can change News Entry", "content_type": 30}}, {"pk": 90, "model": "auth.permission", "fields": {"codename": "delete_news", "name": "Can delete News Entry", "content_type": 30}}, {"pk": 91, "model": "auth.permission", "fields": {"codename": "add_page", "name": "Can add Page Entry", "content_type": 31}}, {"pk": 92, "model": "auth.permission", "fields": {"codename": "change_page", "name": "Can change Page Entry", "content_type": 31}}, {"pk": 93, "model": "auth.permission", "fields": {"codename": "delete_page", "name": "Can delete Page Entry", "content_type": 31}}, {"pk": 94, "model": "auth.permission", "fields": {"codename": "add_version", "name": "Can add version", "content_type": 32}}, {"pk": 95, "model": "auth.permission", "fields": {"codename": "change_version", "name": "Can change version", "content_type": 32}}, {"pk": 96, "model": "auth.permission", "fields": {"codename": "delete_version", "name": "Can delete version", "content_type": 32}}, {"pk": 97, "model": "auth.permission", "fields": {"codename": "add_customer", "name": "Can add M\u00fc\u015fteri", "content_type": 33}}, {"pk": 98, "model": "auth.permission", "fields": {"codename": "change_customer", "name": "Can change M\u00fc\u015fteri", "content_type": 33}}, {"pk": 99, "model": "auth.permission", "fields": {"codename": "delete_customer", "name": "Can delete M\u00fc\u015fteri", "content_type": 33}}, {"pk": 100, "model": "auth.permission", "fields": {"codename": "add_feedback", "name": "Can add Geribildirim", "content_type": 34}}, {"pk": 101, "model": "auth.permission", "fields": {"codename": "change_feedback", "name": "Can change Geribildirim", "content_type": 34}}, {"pk": 102, "model": "auth.permission", "fields": {"codename": "delete_feedback", "name": "Can delete Geribildirim", "content_type": 34}}, {"pk": 103, "model": "auth.permission", "fields": {"codename": "add_baseorder", "name": "Can add Order", "content_type": 35}}, {"pk": 104, "model": "auth.permission", "fields": {"codename": "change_baseorder", "name": "Can change Order", "content_type": 35}}, {"pk": 105, "model": "auth.permission", "fields": {"codename": "delete_baseorder", "name": "Can delete Order", "content_type": 35}}, {"pk": 106, "model": "auth.permission", "fields": {"codename": "add_storeorder", "name": "Can add Store Order", "content_type": 36}}, {"pk": 107, "model": "auth.permission", "fields": {"codename": "change_storeorder", "name": "Can change Store Order", "content_type": 36}}, {"pk": 108, "model": "auth.permission", "fields": {"codename": "delete_storeorder", "name": "Can delete Store Order", "content_type": 36}}, {"pk": 109, "model": "auth.permission", "fields": {"codename": "add_orderitem", "name": "Can add Order item", "content_type": 37}}, {"pk": 110, "model": "auth.permission", "fields": {"codename": "change_orderitem", "name": "Can change Order item", "content_type": 37}}, {"pk": 111, "model": "auth.permission", "fields": {"codename": "delete_orderitem", "name": "Can delete Order item", "content_type": 37}}, {"pk": 112, "model": "auth.permission", "fields": {"codename": "add_elog", "name": "Can add Client Error", "content_type": 38}}, {"pk": 113, "model": "auth.permission", "fields": {"codename": "change_elog", "name": "Can change Client Error", "content_type": 38}}, {"pk": 114, "model": "auth.permission", "fields": {"codename": "delete_elog", "name": "Can delete Client Error", "content_type": 38}}, {"pk": 115, "model": "auth.permission", "fields": {"codename": "add_speaker", "name": "Can add Speaker", "content_type": 39}}, {"pk": 116, "model": "auth.permission", "fields": {"codename": "change_speaker", "name": "Can change Speaker", "content_type": 39}}, {"pk": 117, "model": "auth.permission", "fields": {"codename": "delete_speaker", "name": "Can delete Speaker", "content_type": 39}}, {"pk": 118, "model": "auth.permission", "fields": {"codename": "add_delegate", "name": "Can add Delegate", "content_type": 40}}, {"pk": 119, "model": "auth.permission", "fields": {"codename": "change_delegate", "name": "Can change Delegate", "content_type": 40}}, {"pk": 120, "model": "auth.permission", "fields": {"codename": "delete_delegate", "name": "Can delete Delegate", "content_type": 40}}, {"pk": 121, "model": "auth.permission", "fields": {"codename": "add_photo", "name": "Can add Photo", "content_type": 41}}, {"pk": 122, "model": "auth.permission", "fields": {"codename": "change_photo", "name": "Can change Photo", "content_type": 41}}, {"pk": 123, "model": "auth.permission", "fields": {"codename": "delete_photo", "name": "Can delete Photo", "content_type": 41}}, {"pk": 124, "model": "auth.permission", "fields": {"codename": "add_exhibitor", "name": "Can add Exhibitor", "content_type": 42}}, {"pk": 125, "model": "auth.permission", "fields": {"codename": "change_exhibitor", "name": "Can change Exhibitor", "content_type": 42}}, {"pk": 126, "model": "auth.permission", "fields": {"codename": "delete_exhibitor", "name": "Can delete Exhibitor", "content_type": 42}}, {"pk": 127, "model": "auth.permission", "fields": {"codename": "add_exhibitorfiles", "name": "Can add exhibitor files", "content_type": 43}}, {"pk": 128, "model": "auth.permission", "fields": {"codename": "change_exhibitorfiles", "name": "Can change exhibitor files", "content_type": 43}}, {"pk": 129, "model": "auth.permission", "fields": {"codename": "delete_exhibitorfiles", "name": "Can delete exhibitor files", "content_type": 43}}, {"pk": 130, "model": "auth.permission", "fields": {"codename": "add_event", "name": "Can add Event", "content_type": 44}}, {"pk": 131, "model": "auth.permission", "fields": {"codename": "change_event", "name": "Can change Event", "content_type": 44}}, {"pk": 132, "model": "auth.permission", "fields": {"codename": "delete_event", "name": "Can delete Event", "content_type": 44}}, {"pk": 133, "model": "auth.permission", "fields": {"codename": "add_sponsortype", "name": "Can add sponsor type", "content_type": 45}}, {"pk": 134, "model": "auth.permission", "fields": {"codename": "change_sponsortype", "name": "Can change sponsor type", "content_type": 45}}, {"pk": 135, "model": "auth.permission", "fields": {"codename": "delete_sponsortype", "name": "Can delete sponsor type", "content_type": 45}}, {"pk": 136, "model": "auth.permission", "fields": {"codename": "add_sponsor", "name": "Can add Sponsor", "content_type": 46}}, {"pk": 137, "model": "auth.permission", "fields": {"codename": "change_sponsor", "name": "Can change Sponsor", "content_type": 46}}, {"pk": 138, "model": "auth.permission", "fields": {"codename": "delete_sponsor", "name": "Can delete Sponsor", "content_type": 46}}, {"pk": 1, "model": "auth.group", "fields": {"name": "is_an_app_admin", "permissions": [19, 20, 21, 4, 5, 6, 1, 2, 3, 7, 8, 9, 25, 26, 27, 28, 29, 30, 10, 11, 12, 31, 32, 33, 34, 35, 36, 13, 14, 15, 16, 17, 18, 22, 23, 24, 52, 53, 54, 43, 44, 45, 103, 104, 105, 55, 56, 57, 58, 59, 60, 85, 86, 87, 97, 98, 99, 118, 119, 120, 112, 113, 114, 130, 131, 132, 124, 125, 126, 127, 128, 129, 100, 101, 102, 49, 50, 51, 73, 74, 75, 76, 77, 78, 37, 38, 39, 40, 41, 42, 88, 89, 90, 70, 71, 72, 109, 110, 111, 91, 92, 93, 121, 122, 123, 67, 68, 69, 82, 83, 84, 61, 62, 63, 79, 80, 81, 115, 116, 117, 136, 137, 138, 133, 134, 135, 106, 107, 108, 64, 65, 66, 46, 47, 48, 94, 95, 96]}}, {"pk": 2, "model": "auth.group", "fields": {"name": "Store", "permissions": []}}, {"pk": 3, "model": "auth.group", "fields": {"name": "Exhibitor", "permissions": [127, 128, 129, 121, 122, 123]}}, {"pk": 1, "model": "auth.user", "fields": {"username": "eeo", "first_name": "", "last_name": "", "is_active": true, "is_superuser": true, "is_staff": true, "last_login": "2013-02-11T11:49:43.880", "groups": [], "user_permissions": [], "password": "pbkdf2_sha256$10000$Df2mdSL5SXEN$C2USeCI2UcXqmbTlTTC943JDN/fOjftUdW35ZhU786s=", "email": "eeo@elipsis.com.tr", "date_joined": "2013-01-28T10:57:26.359"}}, {"pk": 2, "model": "auth.user", "fields": {"username": "apama", "first_name": "App Manager", "last_name": "", "is_active": true, "is_superuser": false, "is_staff": true, "last_login": "2013-02-09T16:32:05.149", "groups": [1], "user_permissions": [], "password": "pbkdf2_sha256$10000$OThdliNozIJp$X10pV09UP6rA3A7SuXqYfYLvt6PFj/l9WiIeSQDEsCc=", "email": "", "date_joined": "2013-01-28T10:58:29"}}, {"pk": 3, "model": "auth.user", "fields": {"username": "taner", "first_name": "", "last_name": "", "is_active": true, "is_superuser": true, "is_staff": true, "last_login": "2013-02-01T02:27:25.556", "groups": [], "user_permissions": [], "password": "pbkdf2_sha256$10000$kUCBsC8T0dxz$pkUx98tOrPPDXuQy8uz5DZCV00cQ0Vw7Sg/A3HF4RQg=", "email": "", "date_joined": "2013-01-28T13:11:25"}}, {"pk": 4, "model": "auth.user", "fields": {"username": "te", "first_name": "", "last_name": "", "is_active": true, "is_superuser": false, "is_staff": true, "last_login": "2013-02-02T00:42:42.940", "groups": [], "user_permissions": [], "password": "pbkdf2_sha256$10000$JgRAwbb6BYhy$c4sa8RTnkFGmUCqiv8zdCot3A+tqVG5e2CtoK6Ji6Vs=", "email": "te@te.com", "date_joined": "2013-02-02T00:42:42.940"}}, {"pk": 5, "model": "auth.user", "fields": {"username": "osman", "first_name": "", "last_name": "", "is_active": true, "is_superuser": false, "is_staff": true, "last_login": "2013-02-03T18:23:43.688", "groups": [], "user_permissions": [], "password": "pbkdf2_sha256$10000$FtzYhrVLchaG$nKSM4fc0oa9Tor4RS5ZOcrAk1fTF0ttESkAQQnpDZ9E=", "email": "osman@osman.com", "date_joined": "2013-02-03T18:15:54.483"}}, {"pk": 6, "model": "auth.user", "fields": {"username": "yalcinoz", "first_name": "", "last_name": "", "is_active": true, "is_superuser": false, "is_staff": true, "last_login": "2013-02-03T18:27:21.843", "groups": [], "user_permissions": [], "password": "pbkdf2_sha256$10000$Qo60V3xRsTcn$BZaAJDitb4Q3xXUI92tojN+uF0E7GoJQY5Gm7YSxUBI=", "email": "yalcinozveren@gmail.com", "date_joined": "2013-02-03T18:27:21.843"}}, {"pk": 7, "model": "auth.user", "fields": {"username": "ozgur", "first_name": "Mehmet \u00d6zg\u00fcr", "last_name": "Bayhan", "is_active": true, "is_superuser": true, "is_staff": true, "last_login": "2013-02-07T14:56:30.730", "groups": [], "user_permissions": [], "password": "pbkdf2_sha256$10000$TiPZPVUPedfO$rjJlBpMyCRswyaMCi9M7OXBeZ1oiN1jdL47wRsw+eak=", "email": "mozgurbayhan@elipsis.com.tr", "date_joined": "2013-02-05T14:07:29"}}, {"pk": 8, "model": "auth.user", "fields": {"username": "yalcin", "first_name": "", "last_name": "", "is_active": true, "is_superuser": true, "is_staff": true, "last_login": "2013-02-09T14:58:08", "groups": [], "user_permissions": [], "password": "pbkdf2_sha256$10000$iAiweAwZ91tm$uE11qM5NEt60Hn4+N4FSRddQQZdNyYQDHyHnJYyNvU0=", "email": "", "date_joined": "2013-02-09T14:58:08"}}, {"pk": 10, "model": "auth.user", "fields": {"username": "EEEO", "first_name": "", "last_name": "", "is_active": true, "is_superuser": false, "is_staff": true, "last_login": "2013-02-09T15:51:18.938", "groups": [1], "user_permissions": [], "password": "pbkdf2_sha256$10000$kGGdydYFBV0o$X/+QShCdsBgoVVeDrI0TwNVd5RV1/Aht6tEv7hJQfus=", "email": "eeo@elipsis.com.tr", "date_joined": "2013-02-09T15:45:32.186"}}, {"pk": 1, "model": "admin.logentry", "fields": {"action_flag": 1, "action_time": "2013-01-28T10:58:29.093", "object_repr": "apama", "object_id": "2", "change_message": "", "user": 1, "content_type": 3}}, {"pk": 2, "model": "admin.logentry", "fields": {"action_flag": 2, "action_time": "2013-01-28T10:58:55.596", "object_repr": "apama", "object_id": "2", "change_message": "password, first_name ve is_staff de\u011fi\u015ftirildi.", "user": 1, "content_type": 3}}, {"pk": 3, "model": "admin.logentry", "fields": {"action_flag": 2, "action_time": "2013-01-28T10:59:07.142", "object_repr": "apama", "object_id": "2", "change_message": "password de\u011fi\u015ftirildi.", "user": 1, "content_type": 3}}, {"pk": 4, "model": "admin.logentry", "fields": {"action_flag": 2, "action_time": "2013-01-28T11:01:05.293", "object_repr": "apama", "object_id": "2", "change_message": "password ve groups de\u011fi\u015ftirildi.", "user": 1, "content_type": 3}}, {"pk": 5, "model": "admin.logentry", "fields": {"action_flag": 2, "action_time": "2013-01-28T12:38:30.781", "object_repr": "Tuyap Kitap Fuari", "object_id": "4", "change_message": "Hi\u00e7bir alan de\u011fi\u015ftirilmedi.", "user": 2, "content_type": 18}}, {"pk": 6, "model": "admin.logentry", "fields": {"action_flag": 1, "action_time": "2013-01-28T13:11:25.370", "object_repr": "taner", "object_id": "3", "change_message": "", "user": 1, "content_type": 3}}, {"pk": 7, "model": "admin.logentry", "fields": {"action_flag": 2, "action_time": "2013-01-28T13:11:47.239", "object_repr": "taner", "object_id": "3", "change_message": "password, is_staff ve is_superuser de\u011fi\u015ftirildi.", "user": 1, "content_type": 3}}, {"pk": 8, "model": "admin.logentry", "fields": {"action_flag": 2, "action_time": "2013-01-29T01:15:28.853", "object_repr": "Tuyap Kitap Fuari", "object_id": "4", "change_message": "Hi\u00e7bir alan de\u011fi\u015ftirilmedi.", "user": 2, "content_type": 18}}, {"pk": 9, "model": "admin.logentry", "fields": {"action_flag": 2, "action_time": "2013-01-30T14:35:05.371", "object_repr": "Tuyap Kitap Fuari", "object_id": "4", "change_message": "Hi\u00e7bir alan de\u011fi\u015ftirilmedi.", "user": 2, "content_type": 18}}, {"pk": 10, "model": "admin.logentry", "fields": {"action_flag": 2, "action_time": "2013-01-30T17:17:08.336", "object_repr": "Tuyap Kitap Fuari", "object_id": "4", "change_message": "Hi\u00e7bir alan de\u011fi\u015ftirilmedi.", "user": 2, "content_type": 18}}, {"pk": 11, "model": "admin.logentry", "fields": {"action_flag": 1, "action_time": "2013-01-31T13:29:46.394", "object_repr": "<img src='/media/uploads/sponsorlar_1.png' width='30' />", "object_id": "19", "change_message": "", "user": 1, "content_type": 17}}, {"pk": 12, "model": "admin.logentry", "fields": {"action_flag": 1, "action_time": "2013-01-31T13:29:57.444", "object_repr": "<img src='/media/uploads/magazalar_2.png' width='30' />", "object_id": "20", "change_message": "", "user": 1, "content_type": 17}}, {"pk": 13, "model": "admin.logentry", "fields": {"action_flag": 1, "action_time": "2013-01-31T13:30:19.998", "object_repr": "<img src='/media/uploads/yemek_soyle_1.png' width='30' />", "object_id": "21", "change_message": "", "user": 1, "content_type": 17}}, {"pk": 14, "model": "admin.logentry", "fields": {"action_flag": 1, "action_time": "2013-01-31T13:30:28.482", "object_repr": "<img src='/media/uploads/urunler_1.png' width='30' />", "object_id": "22", "change_message": "", "user": 1, "content_type": 17}}, {"pk": 15, "model": "admin.logentry", "fields": {"action_flag": 1, "action_time": "2013-01-31T13:30:42.949", "object_repr": "<img src='/media/uploads/navigasyon_2.png' width='30' />", "object_id": "23", "change_message": "", "user": 1, "content_type": 17}}, {"pk": 16, "model": "admin.logentry", "fields": {"action_flag": 1, "action_time": "2013-01-31T13:30:52.305", "object_repr": "<img src='/media/uploads/etkinlik_takvimi_1.png' width='30' />", "object_id": "24", "change_message": "", "user": 1, "content_type": 17}}, {"pk": 17, "model": "admin.logentry", "fields": {"action_flag": 1, "action_time": "2013-01-31T13:31:00.225", "object_repr": "<img src='/media/uploads/favoriler_1.png' width='30' />", "object_id": "25", "change_message": "", "user": 1, "content_type": 17}}, {"pk": 18, "model": "admin.logentry", "fields": {"action_flag": 1, "action_time": "2013-01-31T13:31:14.923", "object_repr": "<img src='/media/uploads/arabam_nerede_2.png' width='30' />", "object_id": "26", "change_message": "", "user": 1, "content_type": 17}}, {"pk": 19, "model": "admin.logentry", "fields": {"action_flag": 1, "action_time": "2013-01-31T13:31:26.009", "object_repr": "<img src='/media/uploads/bilgi_merkezi_1.png' width='30' />", "object_id": "27", "change_message": "", "user": 1, "content_type": 17}}, {"pk": 20, "model": "admin.logentry", "fields": {"action_flag": 1, "action_time": "2013-01-31T13:31:33.303", "object_repr": "<img src='/media/uploads/galeri_1.png' width='30' />", "object_id": "28", "change_message": "", "user": 1, "content_type": 17}}, {"pk": 21, "model": "admin.logentry", "fields": {"action_flag": 1, "action_time": "2013-01-31T13:31:42.876", "object_repr": "<img src='/media/uploads/katlmclar_3.png' width='30' />", "object_id": "29", "change_message": "", "user": 1, "content_type": 17}}, {"pk": 22, "model": "admin.logentry", "fields": {"action_flag": 1, "action_time": "2013-01-31T13:31:49.265", "object_repr": "<img src='/media/uploads/kampanyalar_2.png' width='30' />", "object_id": "30", "change_message": "", "user": 1, "content_type": 17}}, {"pk": 23, "model": "admin.logentry", "fields": {"action_flag": 1, "action_time": "2013-01-31T13:32:04.951", "object_repr": "<img src='/media/uploads/haberler_1.png' width='30' />", "object_id": "31", "change_message": "", "user": 1, "content_type": 17}}, {"pk": 24, "model": "admin.logentry", "fields": {"action_flag": 1, "action_time": "2013-01-31T13:32:13.272", "object_repr": "<img src='/media/uploads/delegeler_1.png' width='30' />", "object_id": "32", "change_message": "", "user": 1, "content_type": 17}}, {"pk": 25, "model": "admin.logentry", "fields": {"action_flag": 1, "action_time": "2013-01-31T13:32:24.422", "object_repr": "<img src='/media/uploads/konusmaci_1.png' width='30' />", "object_id": "33", "change_message": "", "user": 1, "content_type": 17}}, {"pk": 26, "model": "admin.logentry", "fields": {"action_flag": 1, "action_time": "2013-01-31T13:33:18.333", "object_repr": "<img src='/media/uploads/navigasyon_3.png' width='30' />", "object_id": "34", "change_message": "", "user": 1, "content_type": 17}}, {"pk": 27, "model": "admin.logentry", "fields": {"action_flag": 1, "action_time": "2013-01-31T13:33:41.281", "object_repr": "<img src='/media/uploads/navigasyon_4.png' width='30' />", "object_id": "35", "change_message": "", "user": 1, "content_type": 17}}, {"pk": 28, "model": "admin.logentry", "fields": {"action_flag": 2, "action_time": "2013-01-31T13:36:09.556", "object_repr": "Tuyap Kitap Fuari", "object_id": "4", "change_message": "background_image de\u011fi\u015ftirildi.", "user": 1, "content_type": 18}}, {"pk": 29, "model": "admin.logentry", "fields": {"action_flag": 2, "action_time": "2013-01-31T13:36:26.660", "object_repr": "Tuyap Kitap Fuari", "object_id": "4", "change_message": "theme de\u011fi\u015ftirildi.", "user": 1, "content_type": 18}}, {"pk": 30, "model": "admin.logentry", "fields": {"action_flag": 2, "action_time": "2013-01-31T13:36:57.330", "object_repr": "Tuyap Kitap Fuari", "object_id": "4", "change_message": "icon module selection \"Kat\u0131l\u0131mc\u0131lar\" ile de\u011fi\u015ftirildi. icon module selection \"Yer G\u00f6sterici\" ile de\u011fi\u015ftirildi. icon module selection \"Etkinlikler\" ile de\u011fi\u015ftirildi. icon module selection \"Favoriler\" ile de\u011fi\u015ftirildi. icon module selection \"Park Asistan\u0131\" ile de\u011fi\u015ftirildi. icon module selection \"Bilgi Merkezi\" ile de\u011fi\u015ftirildi. icon module selection \"Galeri\" ile de\u011fi\u015ftirildi. icon module selection \"Haberler\" ile de\u011fi\u015ftirildi. icon module selection \"Delegeler\" ile de\u011fi\u015ftirildi. icon module selection \"Konu\u015fmac\u0131lar\" ile de\u011fi\u015ftirildi. icon module selection \"Sponsorlar\" ile de\u011fi\u015ftirildi. icon module selection \"Yerle\u015fim Plan\u0131\" ile de\u011fi\u015ftirildi.", "user": 1, "content_type": 18}}, {"pk": 31, "model": "admin.logentry", "fields": {"action_flag": 2, "action_time": "2013-01-31T13:38:30.385", "object_repr": "Tuyap Kitap Fuari", "object_id": "4", "change_message": "Hi\u00e7bir alan de\u011fi\u015ftirilmedi.", "user": 1, "content_type": 18}}, {"pk": 32, "model": "admin.logentry", "fields": {"action_flag": 2, "action_time": "2013-01-31T21:18:51.694", "object_repr": "S\u00fcrat", "object_id": "6", "change_message": "background_image de\u011fi\u015ftirildi.", "user": 2, "content_type": 18}}, {"pk": 33, "model": "admin.logentry", "fields": {"action_flag": 2, "action_time": "2013-01-31T21:20:27.076", "object_repr": "S\u00fcrat", "object_id": "6", "change_message": "icon module selection \"Ma\u011fazalar\" ile de\u011fi\u015ftirildi. icon module selection \"S\u00fcper Sipari\u015f\" ile de\u011fi\u015ftirildi. icon module selection \"\u00dcr\u00fcnler\" ile de\u011fi\u015ftirildi. icon module selection \"Etkinlikler\" ile de\u011fi\u015ftirildi. icon module selection \"Favoriler\" ile de\u011fi\u015ftirildi. icon module selection \"Bilgi Merkezi\" ile de\u011fi\u015ftirildi. icon module selection \"Galeri\" ile de\u011fi\u015ftirildi. icon module selection \"Kampanyalar\" ile de\u011fi\u015ftirildi. icon module selection \"Haberler\" ile de\u011fi\u015ftirildi. icon module selection \"Yerle\u015fim Plan\u0131\" ile de\u011fi\u015ftirildi.", "user": 2, "content_type": 18}}, {"pk": 34, "model": "admin.logentry", "fields": {"action_flag": 2, "action_time": "2013-02-01T00:07:38.742", "object_repr": "Elipsis Yaz\u0131l\u0131m Elektronik Ltd. \u015etik.", "object_id": "1", "change_message": "company de\u011fi\u015ftirildi.", "user": 1, "content_type": 42}}, {"pk": 35, "model": "admin.logentry", "fields": {"action_flag": 2, "action_time": "2013-02-01T01:16:22.820", "object_repr": "MobilAktif", "object_id": "1", "change_message": "icon de\u011fi\u015ftirildi.", "user": 3, "content_type": 15}}, {"pk": 36, "model": "admin.logentry", "fields": {"action_flag": 2, "action_time": "2013-02-01T01:16:46.471", "object_repr": "MobilAVM", "object_id": "2", "change_message": "icon de\u011fi\u015ftirildi.", "user": 3, "content_type": 15}}, {"pk": 37, "model": "admin.logentry", "fields": {"action_flag": 2, "action_time": "2013-02-01T01:45:53.632", "object_repr": "Tuyap Kitap Fuari", "object_id": "4", "change_message": "Hi\u00e7bir alan de\u011fi\u015ftirilmedi.", "user": 1, "content_type": 18}}, {"pk": 38, "model": "admin.logentry", "fields": {"action_flag": 2, "action_time": "2013-02-01T01:50:10.695", "object_repr": "Tuyap Kitap Fuari", "object_id": "4", "change_message": "Hi\u00e7bir alan de\u011fi\u015ftirilmedi.", "user": 1, "content_type": 18}}, {"pk": 39, "model": "admin.logentry", "fields": {"action_flag": 2, "action_time": "2013-02-01T01:50:21.854", "object_repr": "Tuyap Kitap Fuari", "object_id": "4", "change_message": "Hi\u00e7bir alan de\u011fi\u015ftirilmedi.", "user": 1, "content_type": 18}}, {"pk": 40, "model": "admin.logentry", "fields": {"action_flag": 2, "action_time": "2013-02-01T02:01:09.546", "object_repr": "Tuyap Kitap Fuari", "object_id": "4", "change_message": "name_long ve company de\u011fi\u015ftirildi.", "user": 1, "content_type": 18}}, {"pk": 41, "model": "admin.logentry", "fields": {"action_flag": 2, "action_time": "2013-02-01T02:01:51.182", "object_repr": "Tuyap Kitap Fuari", "object_id": "4", "change_message": "Hi\u00e7bir alan de\u011fi\u015ftirilmedi.", "user": 1, "content_type": 18}}, {"pk": 42, "model": "admin.logentry", "fields": {"action_flag": 2, "action_time": "2013-02-01T02:02:13.826", "object_repr": "Test Type", "object_id": "3", "change_message": "name ve codename de\u011fi\u015ftirildi.", "user": 1, "content_type": 15}}, {"pk": 43, "model": "admin.logentry", "fields": {"action_flag": 2, "action_time": "2013-02-01T02:08:23.117", "object_repr": "Tuyap Kitap Fuari", "object_id": "4", "change_message": "logo_small de\u011fi\u015ftirildi.", "user": 2, "content_type": 18}}, {"pk": 44, "model": "admin.logentry", "fields": {"action_flag": 2, "action_time": "2013-02-01T02:15:05.289", "object_repr": "ABM YAYINEV\u0130", "object_id": "6", "change_message": "company, logo ve profile de\u011fi\u015ftirildi.", "user": 2, "content_type": 42}}, {"pk": 45, "model": "admin.logentry", "fields": {"action_flag": 2, "action_time": "2013-02-01T02:16:06.647", "object_repr": "ABM YAYINEV\u0130", "object_id": "6", "change_message": "profile de\u011fi\u015ftirildi.", "user": 2, "content_type": 42}}, {"pk": 46, "model": "admin.logentry", "fields": {"action_flag": 2, "action_time": "2013-02-01T02:18:22.954", "object_repr": "ABM YAYINEV\u0130", "object_id": "6", "change_message": "phone ve email de\u011fi\u015ftirildi.", "user": 2, "content_type": 42}}, {"pk": 47, "model": "admin.logentry", "fields": {"action_flag": 2, "action_time": "2013-02-01T02:20:03.040", "object_repr": "AppAdmin", "object_id": "1", "change_message": "permissions de\u011fi\u015ftirildi.", "user": 1, "content_type": 2}}, {"pk": 48, "model": "admin.logentry", "fields": {"action_flag": 2, "action_time": "2013-02-01T02:34:39.019", "object_repr": "ALFA YAYINLARI ", "object_id": "5", "change_message": "company ve logo de\u011fi\u015ftirildi.", "user": 2, "content_type": 42}}, {"pk": 49, "model": "admin.logentry", "fields": {"action_flag": 2, "action_time": "2013-02-01T02:35:59.064", "object_repr": "ALFA YAYINLARI ", "object_id": "5", "change_message": "phone, email ve profile de\u011fi\u015ftirildi.", "user": 2, "content_type": 42}}, {"pk": 50, "model": "admin.logentry", "fields": {"action_flag": 2, "action_time": "2013-02-01T02:44:51.160", "object_repr": "\u0130DEF\u0130X", "object_id": "4", "change_message": "company ve logo de\u011fi\u015ftirildi.", "user": 2, "content_type": 42}}, {"pk": 51, "model": "admin.logentry", "fields": {"action_flag": 2, "action_time": "2013-02-01T02:47:25.464", "object_repr": "\u0130DEF\u0130X", "object_id": "4", "change_message": "phone, email ve profile de\u011fi\u015ftirildi.", "user": 2, "content_type": 42}}, {"pk": 52, "model": "admin.logentry", "fields": {"action_flag": 2, "action_time": "2013-02-01T02:50:45.634", "object_repr": "\u0130LET\u0130\u015e\u0130M YAYINLARI", "object_id": "3", "change_message": "company ve profile de\u011fi\u015ftirildi.", "user": 2, "content_type": 42}}, {"pk": 53, "model": "admin.logentry", "fields": {"action_flag": 2, "action_time": "2013-02-01T02:50:53.641", "object_repr": "\u0130LET\u0130\u015e\u0130M YAYINLARI", "object_id": "3", "change_message": "logo de\u011fi\u015ftirildi.", "user": 2, "content_type": 42}}, {"pk": 54, "model": "admin.logentry", "fields": {"action_flag": 2, "action_time": "2013-02-01T02:51:20.625", "object_repr": "\u0130LET\u0130\u015e\u0130M YAYINLARI", "object_id": "3", "change_message": "phone ve email de\u011fi\u015ftirildi.", "user": 2, "content_type": 42}}, {"pk": 55, "model": "admin.logentry", "fields": {"action_flag": 2, "action_time": "2013-02-01T02:51:57.971", "object_repr": "Elipsis Yaz\u0131l\u0131m Elektronik Ltd. \u015etik.", "object_id": "1", "change_message": "title exhibitor files \"Test Resim\" ile de\u011fi\u015ftirildi. title exhibitor files \"Mehmet \u00d6zg\u00fcr Bayhan CV\" ile de\u011fi\u015ftirildi.", "user": 2, "content_type": 42}}, {"pk": 56, "model": "admin.logentry", "fields": {"action_flag": 2, "action_time": "2013-02-01T02:52:53.283", "object_repr": "MobilKafe", "object_id": "3", "change_message": "name, codename ve icon de\u011fi\u015ftirildi.", "user": 2, "content_type": 15}}, {"pk": 57, "model": "admin.logentry", "fields": {"action_flag": 2, "action_time": "2013-02-01T02:54:16.574", "object_repr": "K\u0130L\u0130T YAYINCILIK", "object_id": "2", "change_message": "company de\u011fi\u015ftirildi.", "user": 2, "content_type": 42}}, {"pk": 58, "model": "admin.logentry", "fields": {"action_flag": 2, "action_time": "2013-02-01T02:54:26.679", "object_repr": "K\u0130L\u0130T YAYINCILIK", "object_id": "2", "change_message": "logo de\u011fi\u015ftirildi.", "user": 2, "content_type": 42}}, {"pk": 59, "model": "admin.logentry", "fields": {"action_flag": 2, "action_time": "2013-02-01T02:54:35.621", "object_repr": "MobilKafe", "object_id": "3", "change_message": "icon de\u011fi\u015ftirildi.", "user": 2, "content_type": 15}}, {"pk": 60, "model": "admin.logentry", "fields": {"action_flag": 2, "action_time": "2013-02-01T02:54:42.524", "object_repr": "K\u0130L\u0130T YAYINCILIK", "object_id": "2", "change_message": "phone de\u011fi\u015ftirildi.", "user": 2, "content_type": 42}}, {"pk": 61, "model": "admin.logentry", "fields": {"action_flag": 2, "action_time": "2013-02-01T02:55:35.596", "object_repr": "K\u0130L\u0130T YAYINCILIK", "object_id": "2", "change_message": "profile de\u011fi\u015ftirildi.", "user": 2, "content_type": 42}}, {"pk": 62, "model": "admin.logentry", "fields": {"action_flag": 2, "action_time": "2013-02-01T02:55:35.875", "object_repr": "MobilKafe", "object_id": "3", "change_message": "icon de\u011fi\u015ftirildi.", "user": 2, "content_type": 15}}, {"pk": 63, "model": "admin.logentry", "fields": {"action_flag": 2, "action_time": "2013-02-01T02:56:43.605", "object_repr": "\u0130DEF\u0130X", "object_id": "4", "change_message": "logo de\u011fi\u015ftirildi.", "user": 2, "content_type": 42}}, {"pk": 64, "model": "admin.logentry", "fields": {"action_flag": 2, "action_time": "2013-02-01T02:57:34.902", "object_repr": "\u0130DEF\u0130X", "object_id": "4", "change_message": "logo de\u011fi\u015ftirildi.", "user": 2, "content_type": 42}}, {"pk": 65, "model": "admin.logentry", "fields": {"action_flag": 3, "action_time": "2013-02-01T03:05:23.686", "object_repr": "Test Resim", "object_id": "1", "change_message": "", "user": 2, "content_type": 43}}, {"pk": 66, "model": "admin.logentry", "fields": {"action_flag": 3, "action_time": "2013-02-01T03:05:23.687", "object_repr": "Mehmet \u00d6zg\u00fcr Bayhan CV", "object_id": "3", "change_message": "", "user": 2, "content_type": 43}}, {"pk": 67, "model": "admin.logentry", "fields": {"action_flag": 2, "action_time": "2013-02-01T03:05:57.945", "object_repr": "Elipsis Yaz\u0131l\u0131m Elektronik Ltd. \u015eti.", "object_id": "1", "change_message": "company de\u011fi\u015ftirildi.", "user": 2, "content_type": 42}}, {"pk": 68, "model": "admin.logentry", "fields": {"action_flag": 2, "action_time": "2013-02-01T03:20:28.712", "object_repr": "G\u00fcm\u00fc\u015f", "object_id": "2", "change_message": "title de\u011fi\u015ftirildi.", "user": 1, "content_type": 45}}, {"pk": 69, "model": "admin.logentry", "fields": {"action_flag": 2, "action_time": "2013-02-01T03:20:48.941", "object_repr": "Ba\u011f\u0131\u015f\u00e7\u0131", "object_id": "5", "change_message": "title de\u011fi\u015ftirildi.", "user": 1, "content_type": 45}}, {"pk": 70, "model": "admin.logentry", "fields": {"action_flag": 2, "action_time": "2013-02-01T03:21:13.379", "object_repr": "Devlet Kurumu", "object_id": "4", "change_message": "title de\u011fi\u015ftirildi.", "user": 1, "content_type": 45}}, {"pk": 71, "model": "admin.logentry", "fields": {"action_flag": 3, "action_time": "2013-02-01T03:21:32.068", "object_repr": "Gold", "object_id": "1", "change_message": "", "user": 1, "content_type": 45}}, {"pk": 72, "model": "admin.logentry", "fields": {"action_flag": 3, "action_time": "2013-02-01T03:21:43.622", "object_repr": "Brip", "object_id": "2", "change_message": "", "user": 2, "content_type": 46}}, {"pk": 73, "model": "admin.logentry", "fields": {"action_flag": 2, "action_time": "2013-02-01T03:22:41.112", "object_repr": "Elipsis Yaz\u0131l\u0131m Elektronik Ltd. \u015eti.", "object_id": "1", "change_message": "company, profile, phone ve email de\u011fi\u015ftirildi.", "user": 2, "content_type": 46}}, {"pk": 74, "model": "admin.logentry", "fields": {"action_flag": 2, "action_time": "2013-02-01T03:25:56.237", "object_repr": "\u0130ll\u00fcstrasyon At\u00f6lyesi", "object_id": "5", "change_message": "title, date, start, end ve description de\u011fi\u015ftirildi.", "user": 2, "content_type": 44}}, {"pk": 75, "model": "admin.logentry", "fields": {"action_flag": 2, "action_time": "2013-02-01T03:27:48.894", "object_repr": "S\u00f6yle\u015fi :  G\u00fcncel Ara\u015ft\u0131rma ", "object_id": "4", "change_message": "title, date, start, end, description ve image de\u011fi\u015ftirildi.", "user": 2, "content_type": 44}}, {"pk": 76, "model": "admin.logentry", "fields": {"action_flag": 3, "action_time": "2013-02-01T03:27:57.605", "object_repr": "ccvbcvbc", "object_id": "3", "change_message": "", "user": 2, "content_type": 44}}, {"pk": 77, "model": "admin.logentry", "fields": {"action_flag": 3, "action_time": "2013-02-01T03:27:57.607", "object_repr": "Filanca Konferans\u0131", "object_id": "2", "change_message": "", "user": 2, "content_type": 44}}, {"pk": 78, "model": "admin.logentry", "fields": {"action_flag": 3, "action_time": "2013-02-01T03:27:57.608", "object_repr": "Falanca Toplant\u0131s\u0131", "object_id": "1", "change_message": "", "user": 2, "content_type": 44}}, {"pk": 79, "model": "admin.logentry", "fields": {"action_flag": 2, "action_time": "2013-02-01T03:33:04.570", "object_repr": "Evren Esat \u00d6zkan", "object_id": "3", "change_message": "company ve profile de\u011fi\u015ftirildi.", "user": 2, "content_type": 39}}, {"pk": 80, "model": "admin.logentry", "fields": {"action_flag": 2, "action_time": "2013-02-01T03:33:15.390", "object_repr": "Evren Esat \u00d6zkan", "object_id": "3", "change_message": "photo de\u011fi\u015ftirildi.", "user": 2, "content_type": 39}}, {"pk": 81, "model": "admin.logentry", "fields": {"action_flag": 3, "action_time": "2013-02-01T03:33:56.204", "object_repr": "asd asdasdasd", "object_id": "4", "change_message": "", "user": 2, "content_type": 39}}, {"pk": 82, "model": "admin.logentry", "fields": {"action_flag": 3, "action_time": "2013-02-01T03:33:56.206", "object_repr": "Ahmet Aydo\u011fan", "object_id": "2", "change_message": "", "user": 2, "content_type": 39}}, {"pk": 83, "model": "admin.logentry", "fields": {"action_flag": 1, "action_time": "2013-02-01T03:37:05.911", "object_repr": "Linux Ve Dijital Yay\u0131nc\u0131l\u0131k", "object_id": "6", "change_message": "", "user": 2, "content_type": 44}}, {"pk": 84, "model": "admin.logentry", "fields": {"action_flag": 2, "action_time": "2013-02-01T03:37:24.719", "object_repr": "Linux Ve Dijital Yay\u0131nc\u0131l\u0131k", "object_id": "6", "change_message": "description de\u011fi\u015ftirildi.", "user": 2, "content_type": 44}}, {"pk": 85, "model": "admin.logentry", "fields": {"action_flag": 2, "action_time": "2013-02-01T03:38:10.453", "object_repr": "Linux Ve Dijital Yay\u0131nc\u0131l\u0131k", "object_id": "6", "change_message": "image de\u011fi\u015ftirildi.", "user": 2, "content_type": 44}}, {"pk": 86, "model": "admin.logentry", "fields": {"action_flag": 2, "action_time": "2013-02-01T03:38:59.111", "object_repr": "Linux Ve Dijital Yay\u0131nc\u0131l\u0131k", "object_id": "6", "change_message": "speakers de\u011fi\u015ftirildi.", "user": 2, "content_type": 44}}, {"pk": 87, "model": "admin.logentry", "fields": {"action_flag": 2, "action_time": "2013-02-01T03:40:22.945", "object_repr": "\u0130ll\u00fcstrasyon At\u00f6lyesi", "object_id": "5", "change_message": "speakers de\u011fi\u015ftirildi.", "user": 2, "content_type": 44}}, {"pk": 88, "model": "admin.logentry", "fields": {"action_flag": 2, "action_time": "2013-02-01T03:51:21.694", "object_repr": "Munevver Yegul Ozkan", "object_id": "3", "change_message": "profile de\u011fi\u015ftirildi.", "user": 2, "content_type": 40}}, {"pk": 89, "model": "admin.logentry", "fields": {"action_flag": 2, "action_time": "2013-02-01T03:51:36.223", "object_repr": "Evern Esat Ozkan", "object_id": "2", "change_message": "profile de\u011fi\u015ftirildi.", "user": 2, "content_type": 40}}, {"pk": 90, "model": "admin.logentry", "fields": {"action_flag": 2, "action_time": "2013-02-01T03:51:48.654", "object_repr": "Evren Esat Ozkan", "object_id": "2", "change_message": "firstname de\u011fi\u015ftirildi.", "user": 2, "content_type": 40}}, {"pk": 91, "model": "admin.logentry", "fields": {"action_flag": 2, "action_time": "2013-02-01T03:52:28.012", "object_repr": "S\u00f6yle\u015fi :  G\u00fcncel Ara\u015ft\u0131rma ", "object_id": "4", "change_message": "image de\u011fi\u015ftirildi.", "user": 2, "content_type": 44}}, {"pk": 92, "model": "admin.logentry", "fields": {"action_flag": 2, "action_time": "2013-02-01T03:57:45.426", "object_repr": "\u00dccretsiz Kitap Da\u011f\u0131t\u0131m\u0131", "object_id": "2", "change_message": "title, summary, detail ve image de\u011fi\u015ftirildi.", "user": 2, "content_type": 30}}, {"pk": 93, "model": "admin.logentry", "fields": {"action_flag": 2, "action_time": "2013-02-01T03:59:45.696", "object_repr": "Ula\u015f\u0131m", "object_id": "1", "change_message": "summary ve detail de\u011fi\u015ftirildi.", "user": 2, "content_type": 31}}, {"pk": 94, "model": "admin.logentry", "fields": {"action_flag": 2, "action_time": "2013-02-01T04:00:05.518", "object_repr": "Test Resim 1", "object_id": "2", "change_message": "title de\u011fi\u015ftirildi.", "user": 2, "content_type": 41}}, {"pk": 95, "model": "admin.logentry", "fields": {"action_flag": 2, "action_time": "2013-02-01T04:00:12.766", "object_repr": "Test Resim 2", "object_id": "3", "change_message": "title de\u011fi\u015ftirildi.", "user": 2, "content_type": 41}}, {"pk": 96, "model": "admin.logentry", "fields": {"action_flag": 2, "action_time": "2013-02-01T04:00:18.119", "object_repr": "Test Resim 3", "object_id": "4", "change_message": "title de\u011fi\u015ftirildi.", "user": 2, "content_type": 41}}, {"pk": 97, "model": "admin.logentry", "fields": {"action_flag": 2, "action_time": "2013-02-01T04:00:24.336", "object_repr": "Test Resim ", "object_id": "5", "change_message": "title de\u011fi\u015ftirildi.", "user": 2, "content_type": 41}}, {"pk": 98, "model": "admin.logentry", "fields": {"action_flag": 2, "action_time": "2013-02-01T04:00:28.964", "object_repr": "Test Resim 4", "object_id": "5", "change_message": "title de\u011fi\u015ftirildi.", "user": 2, "content_type": 41}}, {"pk": 99, "model": "admin.logentry", "fields": {"action_flag": 2, "action_time": "2013-02-01T04:00:34.411", "object_repr": "Test Resim 5", "object_id": "6", "change_message": "title de\u011fi\u015ftirildi.", "user": 2, "content_type": 41}}, {"pk": 100, "model": "admin.logentry", "fields": {"action_flag": 2, "action_time": "2013-02-01T04:01:47.400", "object_repr": "Ali \u00dcnl\u00fc", "object_id": "1", "change_message": "company ve profile de\u011fi\u015ftirildi.", "user": 2, "content_type": 39}}, {"pk": 101, "model": "admin.logentry", "fields": {"action_flag": 2, "action_time": "2013-02-01T04:06:02.324", "object_repr": "Tuyap Kitap Fuari", "object_id": "4", "change_message": "background_image de\u011fi\u015ftirildi.", "user": 1, "content_type": 18}}, {"pk": 102, "model": "admin.logentry", "fields": {"action_flag": 2, "action_time": "2013-02-01T04:08:26.533", "object_repr": "Tuyap Kitap Fuari", "object_id": "4", "change_message": "theme de\u011fi\u015ftirildi.", "user": 1, "content_type": 18}}, {"pk": 103, "model": "admin.logentry", "fields": {"action_flag": 2, "action_time": "2013-02-01T04:11:40.295", "object_repr": "Beyaz Simgeler", "object_id": "2", "change_message": "css de\u011fi\u015ftirildi.", "user": 1, "content_type": 16}}, {"pk": 104, "model": "admin.logentry", "fields": {"action_flag": 2, "action_time": "2013-02-01T04:17:58.438", "object_repr": "Elipsis Yaz\u0131l\u0131m Elektronik Ltd. \u015eti.", "object_id": "1", "change_message": "logo de\u011fi\u015ftirildi.", "user": 2, "content_type": 46}}, {"pk": 105, "model": "admin.logentry", "fields": {"action_flag": 2, "action_time": "2013-02-01T04:37:18.560", "object_repr": "Tuyap Kitap Fuari", "object_id": "4", "change_message": "background_image de\u011fi\u015ftirildi.", "user": 2, "content_type": 18}}, {"pk": 106, "model": "admin.logentry", "fields": {"action_flag": 2, "action_time": "2013-02-01T04:42:31.722", "object_repr": "Tuyap Kitap Fuari", "object_id": "4", "change_message": "header_image de\u011fi\u015ftirildi.", "user": 2, "content_type": 18}}, {"pk": 107, "model": "admin.logentry", "fields": {"action_flag": 2, "action_time": "2013-02-01T04:42:46.691", "object_repr": "Tuyap Kitap Fuari", "object_id": "4", "change_message": "header_type de\u011fi\u015ftirildi.", "user": 2, "content_type": 18}}, {"pk": 108, "model": "admin.logentry", "fields": {"action_flag": 2, "action_time": "2013-02-01T05:00:13.412", "object_repr": "Tuyap Kitap Fuari", "object_id": "4", "change_message": "Hi\u00e7bir alan de\u011fi\u015ftirilmedi.", "user": 1, "content_type": 18}}, {"pk": 109, "model": "admin.logentry", "fields": {"action_flag": 2, "action_time": "2013-02-01T05:08:02.656", "object_repr": "Tuyap Kitap Fuari", "object_id": "4", "change_message": "Hi\u00e7bir alan de\u011fi\u015ftirilmedi.", "user": 2, "content_type": 18}}, {"pk": 110, "model": "admin.logentry", "fields": {"action_flag": 2, "action_time": "2013-02-01T05:18:55.002", "object_repr": "Tuyap Kitap Fuari", "object_id": "4", "change_message": "header_type de\u011fi\u015ftirildi.", "user": 2, "content_type": 18}}, {"pk": 111, "model": "admin.logentry", "fields": {"action_flag": 2, "action_time": "2013-02-01T05:19:24.126", "object_repr": "Tuyap Kitap Fuari", "object_id": "4", "change_message": "header_type de\u011fi\u015ftirildi.", "user": 2, "content_type": 18}}, {"pk": 112, "model": "admin.logentry", "fields": {"action_flag": 2, "action_time": "2013-02-01T05:34:39.037", "object_repr": "Tuyap Kitap Fuari", "object_id": "4", "change_message": "background_image de\u011fi\u015ftirildi.", "user": 1, "content_type": 18}}, {"pk": 113, "model": "admin.logentry", "fields": {"action_flag": 2, "action_time": "2013-02-01T05:49:48.037", "object_repr": "<img src='/media/uploads/geribildirim_4.png' width='30' />", "object_id": "17", "change_message": "image de\u011fi\u015ftirildi.", "user": 1, "content_type": 17}}, {"pk": 114, "model": "admin.logentry", "fields": {"action_flag": 2, "action_time": "2013-02-01T05:50:18.690", "object_repr": "Tuyap Kitap Fuari", "object_id": "4", "change_message": "Hi\u00e7bir alan de\u011fi\u015ftirilmedi.", "user": 1, "content_type": 18}}, {"pk": 115, "model": "admin.logentry", "fields": {"action_flag": 3, "action_time": "2013-02-01T06:07:10.186", "object_repr": "test #3", "object_id": "3", "change_message": "", "user": 1, "content_type": 25}}, {"pk": 116, "model": "admin.logentry", "fields": {"action_flag": 1, "action_time": "2013-02-01T06:09:43.754", "object_repr": "Zypper Product Manual", "object_id": "4", "change_message": "", "user": 1, "content_type": 43}}, {"pk": 117, "model": "admin.logentry", "fields": {"action_flag": 1, "action_time": "2013-02-01T06:10:55.647", "object_repr": "Dalay Lama'dan \u00d6\u011f\u00fctler", "object_id": "5", "change_message": "", "user": 1, "content_type": 43}}, {"pk": 118, "model": "admin.logentry", "fields": {"action_flag": 2, "action_time": "2013-02-01T06:25:59.116", "object_repr": "AVMDemo", "object_id": "3", "change_message": "name_short, icon ve background_image de\u011fi\u015ftirildi.", "user": 2, "content_type": 18}}, {"pk": 119, "model": "admin.logentry", "fields": {"action_flag": 1, "action_time": "2013-02-01T06:39:40.593", "object_repr": "Sanayi Bakanl\u0131\u011f\u0131", "object_id": "3", "change_message": "", "user": 2, "content_type": 46}}, {"pk": 120, "model": "admin.logentry", "fields": {"action_flag": 3, "action_time": "2013-02-01T10:26:05.910", "object_repr": "S\u00fcrat", "object_id": "6", "change_message": "", "user": 1, "content_type": 18}}, {"pk": 121, "model": "admin.logentry", "fields": {"action_flag": 1, "action_time": "2013-02-05T14:07:29.169", "object_repr": "ozgur", "object_id": "7", "change_message": "", "user": 1, "content_type": 3}}, {"pk": 122, "model": "admin.logentry", "fields": {"action_flag": 2, "action_time": "2013-02-05T14:07:37.679", "object_repr": "ozgur", "object_id": "7", "change_message": "password, is_staff ve is_superuser de\u011fi\u015ftirildi.", "user": 1, "content_type": 3}}, {"pk": 123, "model": "admin.logentry", "fields": {"action_flag": 2, "action_time": "2013-02-05T14:08:20.125", "object_repr": "ozgur", "object_id": "7", "change_message": "password, first_name, last_name ve email de\u011fi\u015ftirildi.", "user": 7, "content_type": 3}}, {"pk": 124, "model": "admin.logentry", "fields": {"action_flag": 2, "action_time": "2013-02-05T16:25:00.996", "object_repr": "\u0130DEF\u0130X=L", "object_id": "4", "change_message": "company de\u011fi\u015ftirildi.", "user": 2, "content_type": 42}}, {"pk": 125, "model": "admin.logentry", "fields": {"action_flag": 2, "action_time": "2013-02-05T16:41:00.410", "object_repr": "Tuyap Kitap Fuari", "object_id": "4", "change_message": "theme de\u011fi\u015ftirildi.", "user": 2, "content_type": 18}}, {"pk": 126, "model": "admin.logentry", "fields": {"action_flag": 2, "action_time": "2013-02-05T16:41:33.177", "object_repr": "Siyah Simgeler", "object_id": "1", "change_message": "jmt de\u011fi\u015ftirildi.", "user": 1, "content_type": 16}}, {"pk": 127, "model": "admin.logentry", "fields": {"action_flag": 2, "action_time": "2013-02-05T16:41:36.805", "object_repr": "Tuyap Kitap Fuari", "object_id": "4", "change_message": "Hi\u00e7bir alan de\u011fi\u015ftirilmedi.", "user": 2, "content_type": 18}}, {"pk": 128, "model": "admin.logentry", "fields": {"action_flag": 2, "action_time": "2013-02-05T16:41:57.362", "object_repr": "Tuyap Kitap Fuari", "object_id": "4", "change_message": "theme de\u011fi\u015ftirildi.", "user": 2, "content_type": 18}}, {"pk": 129, "model": "admin.logentry", "fields": {"action_flag": 1, "action_time": "2013-02-09T14:58:08.906", "object_repr": "yalcin", "object_id": "8", "change_message": "", "user": 1, "content_type": 3}}, {"pk": 130, "model": "admin.logentry", "fields": {"action_flag": 2, "action_time": "2013-02-09T14:58:14.627", "object_repr": "yalcin", "object_id": "8", "change_message": "password, is_staff ve is_superuser de\u011fi\u015ftirildi.", "user": 1, "content_type": 3}}, {"pk": 131, "model": "admin.logentry", "fields": {"action_flag": 2, "action_time": "2013-02-09T15:24:21.505", "object_repr": "is_an_app_admin", "object_id": "1", "change_message": "name de\u011fi\u015ftirildi.", "user": 1, "content_type": 2}}, {"pk": 132, "model": "admin.logentry", "fields": {"action_flag": 3, "action_time": "2013-02-09T15:45:26.469", "object_repr": "EEEO", "object_id": "9", "change_message": "", "user": 1, "content_type": 3}}, {"pk": 133, "model": "admin.logentry", "fields": {"action_flag": 2, "action_time": "2013-02-09T16:05:02.405", "object_repr": "Yerle\u015fim Plan\u0131", "object_id": "21", "change_message": "codename de\u011fi\u015ftirildi.", "user": 1, "content_type": 13}}, {"pk": 134, "model": "admin.logentry", "fields": {"action_flag": 2, "action_time": "2013-02-09T16:05:02.410", "object_repr": "Geli\u015fmi\u015f Yerle\u015fim Plan\u0131", "object_id": "5", "change_message": "codename de\u011fi\u015ftirildi.", "user": 1, "content_type": 13}}, {"pk": 135, "model": "admin.logentry", "fields": {"action_flag": 2, "action_time": "2013-02-11T17:00:12.085", "object_repr": "Geri Bildirim", "object_id": "20", "change_message": "Changed codename.", "user": 1, "content_type": 13}}, {"pk": 136, "model": "admin.logentry", "fields": {"action_flag": 2, "action_time": "2013-02-11T17:00:12.089", "object_repr": "Kat\u0131l\u0131mc\u0131 Belgeleri", "object_id": "19", "change_message": "Changed codename.", "user": 1, "content_type": 13}}, {"pk": 137, "model": "admin.logentry", "fields": {"action_flag": 2, "action_time": "2013-02-11T17:00:12.093", "object_repr": "Favori Etkinlikler", "object_id": "17", "change_message": "Changed codename.", "user": 1, "content_type": 13}}, {"pk": 138, "model": "admin.logentry", "fields": {"action_flag": 2, "action_time": "2013-02-11T17:00:12.096", "object_repr": "Konu\u015fmac\u0131lar", "object_id": "16", "change_message": "Changed codename.", "user": 1, "content_type": 13}}, {"pk": 139, "model": "admin.logentry", "fields": {"action_flag": 2, "action_time": "2013-02-11T17:00:12.099", "object_repr": "Delegeler", "object_id": "15", "change_message": "Changed codename.", "user": 1, "content_type": 13}}, {"pk": 140, "model": "admin.logentry", "fields": {"action_flag": 2, "action_time": "2013-02-11T17:00:12.102", "object_repr": "Haberler", "object_id": "14", "change_message": "Changed codename.", "user": 1, "content_type": 13}}, {"pk": 141, "model": "admin.logentry", "fields": {"action_flag": 2, "action_time": "2013-02-11T17:00:12.106", "object_repr": "Kampanyalar", "object_id": "13", "change_message": "Changed codename.", "user": 1, "content_type": 13}}, {"pk": 142, "model": "admin.logentry", "fields": {"action_flag": 2, "action_time": "2013-02-11T17:00:12.109", "object_repr": "Kat\u0131l\u0131mc\u0131lar", "object_id": "12", "change_message": "Changed codename.", "user": 1, "content_type": 13}}, {"pk": 143, "model": "admin.logentry", "fields": {"action_flag": 2, "action_time": "2013-02-11T17:00:12.112", "object_repr": "Galeri", "object_id": "11", "change_message": "Changed codename.", "user": 1, "content_type": 13}}, {"pk": 144, "model": "admin.logentry", "fields": {"action_flag": 2, "action_time": "2013-02-11T17:00:12.116", "object_repr": "Bilgi Merkezi", "object_id": "10", "change_message": "Changed codename.", "user": 1, "content_type": 13}}, {"pk": 145, "model": "admin.logentry", "fields": {"action_flag": 2, "action_time": "2013-02-11T17:00:12.119", "object_repr": "Park Asistan\u0131", "object_id": "9", "change_message": "Changed codename.", "user": 1, "content_type": 13}}, {"pk": 146, "model": "admin.logentry", "fields": {"action_flag": 2, "action_time": "2013-02-11T17:00:12.122", "object_repr": "Geli\u015fmi\u015f Geri Bildirim", "object_id": "8", "change_message": "Changed codename.", "user": 1, "content_type": 13}}, {"pk": 147, "model": "admin.logentry", "fields": {"action_flag": 2, "action_time": "2013-02-11T17:00:12.125", "object_repr": "Favoriler", "object_id": "7", "change_message": "Changed codename.", "user": 1, "content_type": 13}}, {"pk": 148, "model": "admin.logentry", "fields": {"action_flag": 2, "action_time": "2013-02-11T17:00:12.129", "object_repr": "\u00dcr\u00fcnler", "object_id": "4", "change_message": "Changed codename.", "user": 1, "content_type": 13}}, {"pk": 149, "model": "admin.logentry", "fields": {"action_flag": 2, "action_time": "2013-02-11T17:00:12.132", "object_repr": "S\u00fcper Sipari\u015f", "object_id": "3", "change_message": "Changed codename.", "user": 1, "content_type": 13}}, {"pk": 150, "model": "admin.logentry", "fields": {"action_flag": 2, "action_time": "2013-02-11T17:00:12.135", "object_repr": "Ma\u011fazalar", "object_id": "2", "change_message": "Changed codename.", "user": 1, "content_type": 13}}, {"pk": 151, "model": "admin.logentry", "fields": {"action_flag": 2, "action_time": "2013-02-11T17:00:12.138", "object_repr": "Sponsorlar", "object_id": "1", "change_message": "Changed codename.", "user": 1, "content_type": 13}}, {"pk": 1, "model": "umatik.profile", "fields": {"node": null, "timestamp": "2013-01-14T13:56:21.747", "super": false, "user": 2, "apps": [3, 4, 5, 7]}}, {"pk": 2, "model": "umatik.profile", "fields": {"node": null, "timestamp": "2013-02-03T18:24:10.570", "super": false, "user": 5, "apps": [8]}}, {"pk": 3, "model": "umatik.profile", "fields": {"node": null, "timestamp": "2013-02-09T15:45:32.352", "super": false, "user": 10, "apps": [9]}}]